Scaffold rank,Compounds,Severe cliffs,Cliff density,Intra-scaffold sigma,Mean pIC50,Contains patent-excl,Scaffold SMILES
1,174,23,0.0015281376652714106,0.4492870579431486,7.067509998092138,False,O=C(c1ccc2[nH]c(-c3cc4ccc(-c5ccccc5)nc4n3CC3CC3)nc2c1)N1CC2CCC1C2
3,60,3,0.001694915254237288,0.4567970936465034,6.99143353757544,False,O=C(c1ccc2cc(-c3cc4cccc(C5CCNCC5)c4n3CC3CC3)nn2c1)N1CCCCC1
27,15,2,0.01904761904761905,0.6641846117215892,6.993528040775483,False,O=C(c1ccc2cc(-c3cc4cccc(C5CCN(C(=O)C6CCC6)CC5)c4n3CC3CC3)nn2c1)N1CCCCC1
123,4,1,0.16666666666666666,0.9250454884940345,6.829013217312122,False,O=C(c1ccc2cc(-c3cc4cccc(OCCn5cccn5)c4n3CC3CC3)nn2c1)N1CCCCC1
66,6,1,0.06666666666666667,0.8542859077479276,5.171509509615062,False,O=C(N[C@H]1CCNC1)c1ccc2[nH]c(-c3cc4cccnc4n3CC3CC3)nc2c1
75,6,1,0.06666666666666667,0.7129397685827085,6.734971620623504,False,O=C(c1ccc2cc(-c3cc4cccnc4n3CC3CC3)oc2c1)N1CC2CCC1C2
52,8,1,0.03571428571428571,1.0706668145723115,6.8794061403230335,False,O=C(c1ccc2cc(-c3cc4ccnc(OCCn5ccnc5)c4n3CC3CC3)nn2c1)N1CCCCC1
38,10,1,0.022222222222222223,1.0177962617500942,6.858212361897604,False,O=C(c1ccc2[nH]c(-c3cc4cccnc4n3CC3CC3)nc2c1)N1[C@H]2CC[C@@H]1CC2
32,12,1,0.015151515151515152,0.6706038068899342,6.989606989870111,False,O=C(c1ccc2[nH]c(-c3cc4ccc(-c5cn[nH]c5)nc4n3CC3CC3)nc2c1)N1CC2CCC1C2
5,48,1,0.0008865248226950354,0.7593614430276975,6.454491054901723,False,O=C(c1ccc2[nH]c(-c3cc4cccnc4n3CC3CC3)nc2c1)N1CCCCC1
4,58,1,0.0006049606775559589,0.3397335261540748,6.425283814752862,False,O=C1NCCc2cc3[nH]c(-c4cc5ccccc5n4CC4CC4)nc3cc21
2,102,0,0.0,0.3656136782045278,6.953136320848462,False,O=C(c1ccc2[nH]c(-c3cc4ccc(-c5ccccc5)nc4n3CC3CC3)nc2c1)N1CCCCC1
6,44,0,0.0,0.2582990979195826,7.130276571014431,False,O=C(c1ccc2[nH]c(-c3cc4ccc(-c5ccccc5)cc4n3CC3CC3)nc2c1)N1CC2CCC1C2
7,39,0,0.0,0.4249184116673742,6.411991071713919,False,O=C(c1ccc2cc(-c3cc4ccc(-c5ccccc5)cc4n3CC3CC3)nn2c1)N1CCCCC1
8,33,0,0.0,0.2941827363872838,7.153368327614136,False,O=C(c1ccc2[nH]c(-c3cc4ccc(-c5cccnc5)nc4n3CC3CC3)nc2c1)N1CC2CCC1C2
9,29,0,0.0,0.5144224944129852,7.126068364707727,True,O=C(c1ccc2cc(-c3cc4cccc(C5CCN(C(=O)C6CCCCC6)CC5)c4n3CC3CC3)nn2c1)N1CCCCC1
10,28,0,0.0,0.5041264523413669,4.666316829884536,False,O=C(/C=C/c1cncnc1)c1c(-c2ccccc2)c2ccccc2[nH]c1=O
11,28,0,0.0,0.5256120176356864,5.230797588037673,False,O=C(/C=C/c1cccnc1)c1c(-c2ccccc2)c2ccccc2[nH]c1=O
12,27,0,0.0,0.5223624608652547,5.208830508300389,True,O=C(/C=C/c1cccnc1)C1C(=O)NC2CCCCC2C1c1ccccc1
13,27,0,0.0,0.3155144427126579,6.96494840014505,False,O=C(c1ccc2[nH]c(-c3cc4ccc(-c5cccnc5)nc4n3CC3CC3)nc2c1)N1CCCCC1
14,23,0,0.0,0.319858189096613,5.763942330885893,False,O=C(c1ccn2cc(-c3cc4ccccc4n3Cc3ccccc3)nc2c1)N1CCCCC1
15,22,0,0.0,0.6644751491257067,6.824379366959746,False,O=C(c1ccc2cc(-c3cc4ccc(-c5ccccc5)nc4n3CC3CC3)nn2c1)N1CC2CCC1C2
16,20,0,0.0,0.23564276435256,7.034329719695903,False,O=C(c1ccc2[nH]c(-c3cc4ccc(-c5ccccc5)cc4n3CC3CC3)nc2c1)N1C[C@H]2CC[C@@H]1C2
17,19,0,0.0,0.3157465437170917,6.194886563294993,False,O=C1NCCc2cc3[nH]c(-c4cc5ccccc5[nH]4)nc3cc21
18,18,0,0.0,0.571258157627552,4.64539167996028,True,O=C(/C=C/c1cncnc1)C1C(=O)NC2CCCCC2C1c1ccccc1
19,18,0,0.0,0.4157074801155941,6.732320401573219,False,O=C(c1ccc2cc(-c3cc4ccc(N5CCCCC5)cc4n3CC3CC3)nn2c1)N1CCCCC1
20,16,0,0.0,0.3117907227147754,6.619783713468758,False,O=C(c1ccc2cc(-c3cc4ccc(-c5ccccc5)nc4n3CC3CC3)nn2c1)N1CCCCC1
21,16,0,0.0,0.4847072664090783,6.94151768097526,True,O=C(c1ccc2cc(-c3cc4cccc(C5CN(C(=O)C6CCCCC6)C5)c4n3CC3CC3)nn2c1)N1CCCCC1
22,16,0,0.0,0.5288259145494149,6.29329267280202,False,O=C(c1ccc2cc(-c3cc4cccc(C5CNC5)c4n3CC3CC3)nn2c1)N1CCCCC1
23,16,0,0.0,0.1144364474677243,6.854701656723162,False,O=C(NCc1ccc2cc(-c3nc4cc(C(=O)N5CCCCN5)ccc4[nH]3)n(CC3CC3)c2n1)c1ccccc1
24,16,0,0.0,0.2701309487446262,7.108037380041979,False,O=C(c1ccc2[nH]c(-c3cc4ccc(-c5ccccc5)nc4n3CC3CC3)nc2c1)N1C[C@H]2CC[C@@H]1C2
25,15,0,0.0,0.304432465554856,7.329483642316402,False,O=C(c1ccc2[nH]c(-c3cc4ccc(Nc5ccncc5)nc4n3CC3CC3)nc2c1)N1CC2CCC1C2
26,15,0,0.0,0.5215982898162564,6.672337384231499,False,O=C(c1ccc2[nH]c(-c3cc4ccc(-c5ccccc5)cc4n3CC3CC3)nc2c1)N1CCCCC1
28,14,0,0.0,0.3536401295607851,5.805177646989054,False,O=C(c1ccn2cc(-c3cc4ccccc4[nH]3)nc2c1)N1CCCCC1
29,13,0,0.0,0.5844219380685898,6.358802727616543,False,O=C(c1ccc2cc(-c3cc4cccnc4n3CC3CC3)nn2c1)N1CCCCC1
30,12,0,0.0,0.4953500306876188,7.208782028009929,False,O=C(c1ccc2cc(-c3cc4cccnc4n3CC3CC3)nn2c1)N1CC2CCC1C2
31,12,0,0.0,0.3833258030840073,5.690444733765648,False,O=C(c1ccn2cc(-c3cc4ccccc4n3CC3CC3)nc2c1)N1CCCCC1
33,12,0,0.0,0.3282185584584298,5.719352974641023,False,O=C(CNC(=O)c1cc2c([nH]c3ccccc32)c(-c2ccccc2)n1)NCc1ccccc1
34,12,0,0.0,1.257861737367918,4.066610235994542,False,c1ccccc1
35,11,0,0.0,0.2689897449343531,6.587169457931799,False,O=C1NCCc2cc3[nH]c(-c4cc5ccccc5n4Cc4ccno4)nc3cc21
36,11,0,0.0,0.5914062516089647,7.513016624906655,False,O=C1NCCc2cc3[nH]c(-c4cc5cccc(OCCn6ccnc6)c5n4CC4CC4)nc3cc21
37,11,0,0.0,0.4280666675880348,4.5686746179837545,False,O=C(/C=C/c1ccccc1)c1c(-c2ccccc2)c2ccccc2[nH]c1=O
39,10,0,0.0,0.148613640756888,7.110166643711617,False,O=C(NCc1ccc2cc(-c3nc4cc(C(=O)N5CC[C@@H]6CC[C@H]5C6)ccc4[nH]3)n(CC3CC3)c2n1)C1CC1
40,10,0,0.0,0.3330221124520484,7.13578631142545,False,O=C1CC(COc2cccc3cc(-c4cc5ccc(C(=O)N6CCCCC6)cn5n4)n(CC4CC4)c23)CN1
41,10,0,0.0,0.148613640756888,7.110166643711617,True,O=C(NCc1ccc2cc(-c3nc4cc(C(=O)N5CC[C@H]6CC[C@@H]5C6)ccc4[nH]3)n(CC3CC3)c2n1)C1CC1
42,9,0,0.0,0.2378704373455868,6.877871383977513,False,O=C(c1ccc2[nH]c(-c3cc4ccc(-c5ccncc5)nc4n3CC3CC3)nc2c1)N1CC2CCC1C2
43,9,0,0.0,0.1268764080814331,6.964369652589124,False,O=C(c1ccc2[nH]c(-c3cc4ccc(Nc5ccccc5)nc4n3CC3CC3)nc2c1)N1CC2CCC1C2
44,9,0,0.0,0.1398357668825529,7.287232356494625,False,O=C(c1ccc2[nH]c(-c3cc4sccc4n3CC3CC3)nc2c1)N1C[C@H]2CC[C@@H]1C2
45,9,0,0.0,0.39011536762728,5.828793666615386,False,O=C(CNC(=O)c1cc2c(cn1)[nH]c1ccccc12)NCc1ccccc1
46,9,0,0.0,0.4666966380850046,7.258077289539609,False,O=C1Cc2cc(-c3ccc4cc(-c5nc6cc(C(=O)N7CC8CCC7C8)ccc6[nH]5)n(CC5CC5)c4n3)ccc2N1
47,8,0,0.0,0.2835092002371442,6.964634469545437,False,O=C(c1ccc2[nH]c(-c3cc4ccc(-c5ccccn5)nc4n3CC3CC3)nc2c1)N1CC2CCC1C2
48,8,0,0.0,0.1097390573490275,7.137945261359969,True,O=C(NCc1ccc2cc(-c3nc4cc(C(=O)N5CC[C@H]6CC[C@@H]5C6)ccc4[nH]3)n(CC3CC3)c2n1)c1cccnc1
49,8,0,0.0,0.1097390573490273,7.137945261359969,False,O=C(NCc1ccc2cc(-c3nc4cc(C(=O)N5CC[C@@H]6CC[C@H]5C6)ccc4[nH]3)n(CC3CC3)c2n1)c1cccnc1
50,8,0,0.0,0.5871762327956843,6.518296155332905,False,O=C(c1ccc2cc(-c3cc4ccc(-c5ccccc5)cc4n3CC3CC3)oc2c1)N1CC2CCC1C2
51,8,0,0.0,0.1835047674452587,6.396160475128977,False,O=C1NCCc2cc3[nH]c(-c4cc5cccnc5n4CC4CC4)nc3cc21
53,8,0,0.0,0.3110355075409771,7.232893538580074,False,O=C(c1ccc2[nH]c(-c3cc4ccc(-c5ccc6[nH]c(=O)ccc6c5)nc4n3CC3CC3)nc2c1)N1CC2CCC1C2
54,7,0,0.0,0.6491117414122127,6.817204657901003,False,O=C1NCCc2cc3[nH]c(-c4cc5cccc(OCCn6cncn6)c5n4CC4CC4)nc3cc21
55,7,0,0.0,0.1329033009943546,5.651327317445825,False,O=C(c1ccc2cc(-c3cc4ccc(N5CCCCC5)nc4n3CC3CC3)nn2c1)N1CCCCC1
56,7,0,0.0,0.2712681886316607,7.047262884827306,False,O=C1Cc2cc(-c3ccc4cc(-c5nc6cc(C(=O)N7CCCCC7)ccc6[nH]5)n(CC5CC5)c4n3)ccc2N1
57,7,0,0.0,0.3111507871365029,7.1890500925121765,False,O=C(c1ccc2[nH]c(-c3cc4ccc(-c5ccc6[nH]ccc(=O)c6c5)nc4n3CC3CC3)nc2c1)N1CC2CCC1C2
58,7,0,0.0,0.3229348913706694,6.151151886291065,False,O=C(c1ccc2[nH]c(-c3cc4ccc(N5CCC5)nc4n3CC3CC3)nc2c1)N1CC2CCC1C2
59,7,0,0.0,0.2468834290350502,7.407293231069185,False,O=C(c1ccc2[nH]c(-c3cc4ccc(-c5ccc6[nH]c(=O)ccc6c5)cc4n3CC3CC3)nc2c1)N1CC2CCC1C2
60,7,0,0.0,0.34341382211682,6.861181262165114,False,O=C(c1ccc2cc(-c3cc4ccc(-c5ccccc5)cc4n3CC3CC3)nn2c1)N1CC2CCC1C2
61,7,0,0.0,0.1456946239965988,6.982426367710815,False,O=C(NCc1ccc2cc(-c3nc4cc(C(=O)N5CCCCN5)ccc4[nH]3)n(CC3CC3)c2n1)C1CC1
62,7,0,0.0,0.4229109925191275,4.693058965459669,True,O=C(/C=C/c1ccccc1)C1C(=O)NC2CCCCC2C1c1ccccc1
63,7,0,0.0,0.6584016305138299,6.706971222571824,False,O=C(c1ccc2c(c1)nc(-c1cc3cccnc3n1CC1CC1)n2C1CC1)N1CCCCC1
64,7,0,0.0,0.3223834374201921,5.3643536998924,False,O=C(c1ccc2[nH]c(-c3cnc(-c4ccccc4)n3CC3CC3)nc2c1)N1CCCCC1
65,7,0,0.0,0.5620019929783829,6.924888323160139,False,O=C(c1ccc2[nH]c(-c3cc4ccccc4n3CC3CC3)nc2c1)N1CCCCC1
67,6,0,0.0,0.2809991861120536,6.093082691935611,False,O=C(c1ccc2cc(-c3cc4ccccc4n3CC3CC3)sc2c1)N1CCCCC1
68,6,0,0.0,0.3558192613486312,7.161518741087316,False,O=C(c1ccc2[nH]c(-c3cc4ccc(-c5cccnc5)cc4n3CC3CC3)nc2c1)N1CC2CCC1C2
69,6,0,0.0,0.2356459871665684,7.049345343288088,False,O=C(c1ccc2[nH]c(-c3cc4ccc(-c5cn[nH]c5)nc4n3CC3CC3)nc2c1)N1CCCCC1
70,6,0,0.0,0.1163426409656066,7.055204841458946,True,O=C(c1ccc2[nH]c(-c3cc4cccnc4n3CC3CC3)nc2c1)N1CC[C@H]2CC[C@@H]1C2
71,6,0,0.0,0.2693340776322495,7.415750882328414,True,O=C1C=CC2=CC(c3ccc4cc(-c5nc6cc(C(=O)N7CC8CCC7C8)ccc6[nH]5)n(CC5CC5)c4c3)C=CC2=N1
72,6,0,0.0,0.7397857448176011,5.551051581943135,False,O=C(c1ccc2[nH]c(-c3cc4cccnc4n3CC3CC3)nc2c1)N1C[C@H]2CC[C@@H]1C2
73,6,0,0.0,0.4014945361341914,5.533805013883694,False,O=C(c1ccc2[nH]c(-c3cccn3CC3CC3)nc2c1)N1CCCCC1
74,6,0,0.0,0.294897896354474,7.211590123325705,False,O=C1CC[C@@H](COc2cccc3cc(-c4cc5ccc(C(=O)N6CCCCC6)cn5n4)n(CC4CC4)c23)N1
76,6,0,0.0,0.1202934572361508,7.089648110375779,True,O=C(c1ccc2[nH]c(-c3cc4ccc(CNC(=O)C56CC(C5)C6)nc4n3CC3CC3)nc2c1)N1CC[C@H]2CC[C@@H]1C2
77,6,0,0.0,0.1163426409656065,7.055204841458946,False,O=C(c1ccc2[nH]c(-c3cc4cccnc4n3CC3CC3)nc2c1)N1CC[C@@H]2CC[C@H]1C2
78,6,0,0.0,0.3348324159264249,7.0545701052479535,False,O=C(c1ccc2[nH]c(-c3cc4ccc(-c5cncnc5)nc4n3CC3CC3)nc2c1)N1CC2CCC1C2
79,6,0,0.0,0.3990458285165116,6.806916085566964,False,O=C(c1ccc2[nH]c(-c3cc4ccc(Nc5cccnc5)nc4n3CC3CC3)nc2c1)N1CC2CCC1C2
80,6,0,0.0,0.2116916593339485,7.026390193731636,False,O=C(c1ccc2cc(-c3cc4ccc(N5CCCCC5)nc4n3CC3CC3)nn2c1)N1CC2CCC1C2
81,6,0,0.0,0.299181712795676,7.326711666780544,False,O=C1CCc2cc(-c3ccc4cc(-c5nc6cc(C(=O)N7CC8CCC7C8)ccc6[nH]5)n(CC5CC5)c4n3)ccc2N1
82,6,0,0.0,0.2700134230075435,5.174292915093446,False,O=C(c1ccc2[nH]c(-c3cccnc3)nc2c1)N1C[C@H]2CC[C@@H]1C2
83,6,0,0.0,0.5063759475411846,6.293272885084292,False,O=C(c1cc2c3c(c1)nc(-c1cc4ccccc4n1CC1CC1)n3CCN2)N1CCCCC1
84,6,0,0.0,0.5230484742710324,6.75401927696754,False,O=C(Nc1ccccc1)c1ccc2cc(-c3nc4cc(C(=O)N5CCCCC5)ccc4[nH]3)n(CC3CC3)c2n1
85,6,0,0.0,0.60733249673634,6.939017418729269,False,O=C(c1ccc2cc(-c3cc4cccc(C5CCN(C(=O)C6CCCO6)CC5)c4n3CC3CC3)nn2c1)N1CCCCC1
86,6,0,0.0,0.3981054929060944,7.113357027289737,False,O=C(c1ccc2cc(-c3cc4cccc(C5CCN(C(=O)C6CCCCO6)CC5)c4n3CC3CC3)nn2c1)N1CCCCC1
87,6,0,0.0,0.1202934572361505,7.089648110375779,False,O=C(c1ccc2[nH]c(-c3cc4ccc(CNC(=O)C56CC(C5)C6)nc4n3CC3CC3)nc2c1)N1CC[C@@H]2CC[C@H]1C2
88,6,0,0.0,0.3151831559278573,7.287745194793509,True,O=C1C=CC2=CC(c3ccc4cc(-c5nc6cc(C(=O)N7CC8CCC7C8)ccc6[nH]5)n(CC5CC5)c4n3)C=CC2=N1
89,6,0,0.0,0.5762811109264484,6.271809905821152,False,O=C(c1ccc2cc(-c3cc4ccccc4n3CC3CC3)oc2c1)N1CCCCC1
90,5,0,0.0,0.22154397609083,4.242317467664458,False,c1ccc(-c2ccccc2)cc1
91,5,0,0.0,0.0,4.154901959985743,False,O=C(/C=C/c1cncnc1)c1cnc2ccccc2c1-c1ccccc1
92,5,0,0.0,0.1536623792199445,7.3611437648891185,False,O=C1Cc2cc(-c3ccc4cc(-c5nc6cc(C(=O)N7CC8CCC7C8)ccc6[nH]5)n(CC5CC5)c4c3)ccc2N1
93,5,0,0.0,0.5359453616254095,6.602853646970185,False,O=C1CC[C@H](COc2cccc3cc(-c4cc5ccc(C(=O)N6CCCCC6)cn5n4)n(CC4CC4)c23)N1
94,5,0,0.0,0.7322610846792893,6.350307108359229,False,O=C(N[C@@H]1CCCNC1)c1ccc2[nH]c(-c3cc4cccnc4n3CC3CC3)nc2c1
95,5,0,0.0,0.3698047053951457,5.8346183080674345,False,O=C(c1ccn2cc(-c3cc4ccccc4n3Cc3ccccn3)nc2c1)N1CCCCC1
96,5,0,0.0,0.3270772959360783,7.5286483251828,False,O=C(c1ccc2cc(-c3cc4ccccc4n3CC3CC3)nn2c1)N1CC2CCC1C2
97,5,0,0.0,0.2048984786233478,7.0750373931989206,False,O=C(c1ccc2[nH]c(-c3cc4ccc(-c5ccc6[nH]c(=O)ccc6c5)nc4n3CC3CC3)nc2c1)N1CCCCC1
98,5,0,0.0,0.299983205760261,5.465608989553161,False,O=C(CNC(=O)c1ccccc1)NCc1ccccc1
99,5,0,0.0,0.284391245193922,6.99976832891052,False,O=C(NCc1ccc2cc(-c3nc4cc(C(=O)N5CC[C@@H]6CC[C@H]5C6)ccc4[nH]3)n(CC3CC3)c2n1)c1ccccc1
100,5,0,0.0,0.2896678403812846,6.807633981919503,False,O=C(Cc1ccccc1)NCc1ccc2cc(-c3nc4cc(C(=O)N5CCCCN5)ccc4[nH]3)n(CC3CC3)c2n1
101,5,0,0.0,0.4836364180333707,6.838564855193925,False,O=C(c1ccc2cc(-c3cc4ccccc4n3CC3CC3)oc2c1)N1CC2CCC1C2
102,5,0,0.0,0.2843912451939217,6.99976832891052,True,O=C(NCc1ccc2cc(-c3nc4cc(C(=O)N5CC[C@H]6CC[C@@H]5C6)ccc4[nH]3)n(CC3CC3)c2n1)c1ccccc1
103,5,0,0.0,0.1779641820715063,6.44329074354593,False,O=C1NCCc2cc3[nH]c(-c4cc5ccccc5n4CC4CCC4)nc3cc21
104,5,0,0.0,0.7277221751366162,6.029818655252877,False,O=C(c1cc2c3c(c1)nc(-c1cc4ccccc4n1CC1CC1)n3CCO2)N1CCCCC1
105,5,0,0.0,0.0993328556660073,6.989950192161127,False,O=C(c1ccc2[nH]c(-c3cc4ccc(CNC(=O)C56CC(C5)C6)nc4n3CC3CC3)nc2c1)N1CCCCN1
106,5,0,0.0,0.5458461443584369,6.23545123124048,False,O=C(c1ccc2cc(-c3cc4ccc(N5CCC5)cc4n3CC3CC3)nn2c1)N1CCCCC1
107,5,0,0.0,0.4294310283593484,7.164696104063057,False,O=C(c1ccc2[nH]c(-c3cc4ccccc4n3CC3CC3)nc2c1)N1CC2CCC1C2
108,5,0,0.0,0.1458397583569386,6.90406804343675,False,O=C(c1ccc2[nH]c(-c3cc4ccc(-c5cn[nH]c5)cc4n3CC3CC3)nc2c1)N1CC2CCC1C2
109,5,0,0.0,0.5166757570042395,6.833856054923656,False,O=C(c1ccc2[nH]c(-c3cc4ccccc4[nH]3)nc2c1)N1CCCCC1
110,5,0,0.0,0.2296748351561735,7.33213213178021,False,O=C(c1ccc2[nH]c(-c3cc4ccc(-c5ccc6ncccc6c5)nc4n3CC3CC3)nc2c1)N1CC2CCC1C2
111,5,0,0.0,0.475221594534566,4.5945616877849815,False,O=C(/C=C/c1ccccn1)c1c(-c2ccccc2)c2ccccc2[nH]c1=O
112,5,0,0.0,0.4477958194468896,5.653722483393365,False,O=C(c1ccc2cc(-c3cc4ccc(-c5ccccc5)cc4n3CC3CC3)oc2c1)N1CCCCC1
113,5,0,0.0,0.2975642229057992,8.044369749923272,False,O=C(c1ccc2cc(-c3cc4cccc(C5CCNCC5)c4n3CC3CC3)nn2c1)N1CC2CCC1C2
114,5,0,0.0,0.0971764656892565,7.1851353131814575,False,O=C1CCc2cc(-c3ccc4cc(-c5nc6cc(C(=O)N7CCCCC7)ccc6[nH]5)n(CC5CC5)c4n3)ccc2N1
115,5,0,0.0,0.4055133457711904,6.055782386303454,False,O=C(c1cc2c3c(c1)nc(-c1cc4ccccc4n1Cc1ccccc1)n3CCO2)N1CCCCC1
116,5,0,0.0,0.447213595499958,5.8,False,O=C(c1ccc2[nH]c(-c3cccnc3CC3CC3)nc2c1)N1C[C@H]2CC[C@@H]1C2
117,5,0,0.0,0.0684317643465623,6.04997549464332,False,O=C1NCCc2cc3[nH]c(-c4cc5ccncc5n4CC4CC4)nc3cc21
118,5,0,0.0,0.222053815818698,7.153415611233538,False,O=C(c1ccc2[nH]c(-c3cc4ccc(Nc5ccncc5)nc4n3CC3CC3)nc2c1)N1CCCCC1
119,4,0,0.0,0.1774689844612466,7.324497371149135,False,O=C1CCc2cc(-c3ccc4cc(-c5nc6cc(C(=O)N7CC8CCC7C8)ccc6[nH]5)n(CC5CC5)c4c3)ccc2N1
120,4,0,0.0,0.0,4.939302159646388,True,O=C(/C=C/c1cccnc1)C1C(=O)NC2NCCCC2C1c1ccccc1
121,4,0,0.0,0.3600763818566247,7.333715492824527,False,O=C(c1ccc2[nH]c(-c3cc4ccc(-c5ccc6[nH]ccc(=O)c6c5)cc4n3CC3CC3)nc2c1)N1CC2CCC1C2
122,4,0,0.0,0.2663305941722592,6.292697932102259,False,O=C1NCc2ccc(-c3ccc4cc(-c5cc6ccc(C(=O)N7CCCCC7)cn6n5)n(CC5CC5)c4n3)cc21
124,4,0,0.0,0.4405430185310018,3.345253814141925,False,O=C1C2=CC3C(=O)C=CC[C@@H]3C[C@@H]2Cc2ccccc21
125,4,0,0.0,0.4696510798231941,4.704476619734791,True,O=C(/C=C/c1ccccn1)C1C(=O)NC2CCCCC2C1c1ccccc1
126,4,0,0.0,0.4733864856602274,5.688303109208813,False,O=C(c1ccn2cc(-c3cc4ccccc4n3Cc3ccncc3)nc2c1)N1CCCCC1
127,4,0,0.0,0.4946766968729031,6.343531916522425,False,O=C1NCc2cc(-c3ccc4cc(-c5cc6ccc(C(=O)N7CCCCC7)cn6n5)n(CC5CC5)c4n3)ccc21
128,4,0,0.0,0.8013922034946653,5.285152918829584,False,O=C(N[C@@H]1CCNC1)c1ccc2[nH]c(-c3cc4cccnc4n3CC3CC3)nc2c1
129,4,0,0.0,0.3226009612388991,7.586961023769016,False,O=C1NCc2ccc(-c3ccc4cc(-c5nc6cc(C(=O)N7CC8CCC7C8)ccc6[nH]5)n(CC5CC5)c4n3)cc21
130,4,0,0.0,0.2412130306476808,7.2611687105294305,False,O=C(c1ccc2[nH]c(-c3cc4ccc(-c5cccnc5)cc4n3CC3CC3)nc2c1)N1CCCCC1
131,4,0,0.0,0.47195798924198,5.966505369379736,False,O=C(c1ccc2cc(-c3cc4ccc(-c5ccccc5)cc4n3CC3CC3)sc2c1)N1CC2CCC1C2
132,4,0,0.0,0.0,5.761439372640169,True,O=C(c1ccc2c(c1)nc(-c1cccn1CC1CC1)n2CC1CCC1)N1C[C@H]2CC[C@@H]1C2
133,4,0,0.0,0.4405430185310018,3.345253814141925,False,O=C1CC(=O)C2C(=O)C3C(=O)c4ccccc4C[C@H]3C[C@H]2C1
134,4,0,0.0,0.0,4.939302159646388,False,O=C(/C=C/c1cccnc1)c1c(-c2ccccc2)c2cccnc2[nH]c1=O
135,4,0,0.0,0.2417018897289722,6.6589709500888965,False,O=C(c1ccc2[nH]c(-c3cc4ccc(-c5cccnc5-c5cncs5)nc4n3CC3CC3)nc2c1)N1CCCCC1
136,4,0,0.0,0.1441512966803695,7.330544618722391,False,O=C1CC(COc2nccc3cc(-c4cc5ccc(C(=O)N6CCCCC6)cn5n4)n(CC4CC4)c23)CN1
137,4,0,0.0,0.2886538802165179,7.250813243999953,False,O=C(c1ccc2c(c1)nc(-c1cc3cccnc3n1CC1CC1)n2C1CC1)N1[C@H]2CC[C@@H]1CC2
138,4,0,0.0,0.3175479571933665,7.339150205998232,False,O=C(c1ccc2c(c1)nc1n2Cc2cccc(c2)-c2ccccc2CCCCn2c-1cc1cccnc12)N1CCCCC1
139,4,0,0.0,0.2415584214329678,7.436765211632842,False,O=C(c1ccc2[nH]c(-c3cc4scc(-c5cn[nH]c5)c4n3CC3CC3)nc2c1)N1C[C@H]2CC[C@@H]1C2
140,4,0,0.0,0.2494107435898346,6.891982950685588,False,O=C(c1ccc2[nH]c(-c3cc4ccc(NC5CC5)nc4n3CC3CC3)nc2c1)N1CCCCC1
141,4,0,0.0,0.2594538250555528,7.40609919096293,False,O=C(c1ccc2[nH]c(-c3cc4scc(C5CCC5)c4n3CC3CC3)nc2c1)N1C[C@H]2CC[C@@H]1C2
142,4,0,0.0,0.283518937119271,6.150436478688585,False,O=C(c1ccc2[nH]c(-c3cc4ccc(N5CCCC5=O)nc4n3CC3CC3)nc2c1)N1CCCCC1
143,4,0,0.0,0.2697686159590072,7.424924514377025,False,O=C(c1ccc2[nH]c(-c3cc4ccc(N5CCCCC5)cc4n3CC3CC3)nc2c1)N1CC2CCC1C2
144,4,0,0.0,0.3486394760297109,6.184575767684692,False,O=C1NCCC2C=c3[nH]c(C4Cc5ccccc5N4CC4CC4)nc3=CC12
145,4,0,0.0,0.0721334132130137,6.06246936830415,False,O=C1NCCc2cc3[nH]c(-c4cc5cccnc5[nH]4)nc3cc21
146,4,0,0.0,0.0353642613741359,6.878043751549188,False,O=C(c1ccc2[nH]c(-c3cc4ccc(Nc5ccncn5)nc4n3CC3CC3)nc2c1)N1CC2CCC1C2
147,4,0,0.0,0.9364979326576022,6.7090659093048615,False,O=C(c1ccc2cc(-c3cc4ccc(N5CCCCC5)cc4n3CC3CC3)oc2c1)N1CC2CCC1C2
148,4,0,0.0,0.1290596643719221,7.098619869140633,False,O=C(c1ccc2cc(-c3cc4ccc(-c5ccc6[nH]c(=O)ccc6c5)cc4n3CC3CC3)nn2c1)N1CCCCC1
149,4,0,0.0,0.1980948996726502,7.491644061128262,False,O=C(c1ccc2cc(-c3cc4cccc(OCCn5cncn5)c4n3CC3CC3)nn2c1)N1CCCCC1
150,4,0,0.0,0.6229571932739484,6.111543801671965,False,O=C(c1ccc2cc(-c3cc4ccc(-c5ccc6[nH]ncc6c5)nc4n3CC3CC3)nn2c1)N1CCCCC1
151,4,0,0.0,0.2435614153443673,7.064606485429298,False,O=C(c1ccc2[nH]c(-c3cc4ccc(-c5ccc(=O)[nH]c5)nc4n3CC3CC3)nc2c1)N1CC2CCC1C2
152,4,0,0.0,0.0774509799928716,4.116176469989307,False,O=C(/C=C/c1nc2ccccc2[nH]1)c1c(-c2ccccc2)c2ccccc2[nH]c1=O
153,4,0,0.0,0.3489319128835055,7.088106791245248,False,O=C(NCc1ccc2cc(-c3nc4cc(C(=O)N5CCCCN5)ccc4[nH]3)n(CC3CC3)c2n1)c1ncccn1
154,4,0,0.0,0.0730611318386174,7.07651735851133,False,O=C(NCc1ccc2cc(-c3nc4cc(C(=O)N5CCCCN5)ccc4[nH]3)n(CC3CC3)c2n1)c1cccnc1
155,4,0,0.0,0.4849210102331009,7.305462187404089,False,O=C(c1ccc2cc(-c3cc4ccnc(OCCn5cnnc5)c4n3CC3CC3)nn2c1)N1CCCCC1
