aid,category,layer,endpoint,flags,expected_subdir,actual_path,file_exists,file_bytes,status,n_data_rows,n_columns,has_sid,has_cid,has_smiles,activity_types,verify_note,issues
463073,HTS,HTS,FP_screening,,hts,data/raw/hts/AID_463073_datatable_all.csv,True,173641,PASS,2000,9,True,True,False,Active|Inactive,,
485272,HTS,HTS,FP_screening,,hts,data/raw/hts/AID_485272_datatable_all.csv,True,30382815,PASS,326134,9,True,True,False,Active|Inactive,,
488796,HTS,HTS,Single_conc,,hts,data/raw/hts/AID_488796_datatable_all.csv,True,116395,PASS,1182,10,True,True,False,Active|Inactive,,
492970,A,A,IC50,,pubchem/confirmatory,data/raw/pubchem/confirmatory/AID_492970_datatable_all.csv,True,4312,PASS,10,27,True,True,False,Active|Inactive,,
320707,A,A,IC50,,pubchem/confirmatory,data/raw/pubchem/confirmatory/AID_320707_datatable_all.csv,True,1518,PASS,3,14,True,True,False,Unspecified,,
1804546,A,A,IC50,,pubchem/confirmatory,data/raw/pubchem/confirmatory/AID_1804546_datatable_all.csv,True,5869,PASS,26,16,True,True,False,Active|Inactive,,
1804627,A,A,IC50,,pubchem/confirmatory,data/raw/pubchem/confirmatory/AID_1804627_datatable_all.csv,True,6999,PASS,42,14,True,True,False,Inactive,,
1805620,A,A,IC50,,pubchem/confirmatory,data/raw/pubchem/confirmatory/AID_1805620_datatable_all.csv,True,22723,PASS,134,16,True,True,False,Active|Inactive,,
1806182,A,A,IC50,,pubchem/confirmatory,data/raw/pubchem/confirmatory/AID_1806182_datatable_all.csv,True,24890,PASS,136,16,True,True,False,Active|Inactive,,
1806183,A,A,IC50,,pubchem/confirmatory,data/raw/pubchem/confirmatory/AID_1806183_datatable_all.csv,True,11047,PASS,56,16,True,True,False,Active|Inactive,,
1806764,A,A,IC50,,pubchem/confirmatory,data/raw/pubchem/confirmatory/AID_1806764_datatable_all.csv,True,15737,PASS,85,16,True,True,False,Active|Inactive,,
1919095,A,A,IC50,,pubchem/confirmatory,data/raw/pubchem/confirmatory/AID_1919095_datatable_all.csv,True,217239,PASS,1097,14,True,True,False,Active,,
1920200,A,A,IC50,,pubchem/confirmatory,data/raw/pubchem/confirmatory/AID_1920200_datatable_all.csv,True,68125,PASS,328,14,True,True,False,Active|Inactive,,
1963715,A,A,IC50,,pubchem/confirmatory,data/raw/pubchem/confirmatory/AID_1963715_datatable_all.csv,True,9964,PASS,49,14,True,True,False,Active,,
2202576,A,A,IC50,VERIFIED_OVERLAP,pubchem/confirmatory,data/raw/pubchem/confirmatory/AID_2202576_datatable_all.csv,True,14665,PASS,75,16,True,True,False,Active|Unspecified,RFMS1 (75 SIDs) vs RFMS2 2202577 (231 SIDs): 55 SID overlap (23.8%). Keep both AIDs. During dedup: for 55 overlapping SIDs prefer 2202577 (RFMS2).,
2202577,A,A,IC50,VERIFIED_OVERLAP,pubchem/confirmatory,data/raw/pubchem/confirmatory/AID_2202577_datatable_all.csv,True,42321,PASS,231,16,True,True,False,Active|Unspecified,RFMS2 (231 SIDs): preferred source for 55 SIDs shared with 2202576 (RFMS1).,
2202596,A,A,IC50,VERIFIED_DISTINCT,pubchem/confirmatory,data/raw/pubchem/confirmatory/AID_2202596_datatable_all.csv,True,118458,PASS,615,14,True,True,False,Active|Inactive,"614 SIDs, 0 overlap with 2202597 — completely distinct compound sets. No dedup needed.",
2202597,A,A,IC50,VERIFIED_DISTINCT,pubchem/confirmatory,data/raw/pubchem/confirmatory/AID_2202597_datatable_all.csv,True,3988,PASS,18,14,True,True,False,Active,"18 SIDs, 0 overlap with 2202596 — completely distinct compound sets. No dedup needed.",
2202717,A,A,IC50,,pubchem/confirmatory,data/raw/pubchem/confirmatory/AID_2202717_datatable_all.csv,True,11010,PASS,53,14,True,True,False,Active|Inactive,,
2202442,A,A,IC50,DUAL_LAYER_D,pubchem/confirmatory,data/raw/pubchem/confirmatory/AID_2202442_datatable_all.csv,True,4914,PASS,23,16,True,True,False,Active|Inactive,,
1330527,A,A,IC50,,pubchem/confirmatory,data/raw/pubchem/confirmatory/AID_1330527_datatable_all.csv,True,1588,PASS,6,13,True,True,False,Active,,
1471656,A,A,IC50,,pubchem/confirmatory,data/raw/pubchem/confirmatory/AID_1471656_datatable_all.csv,True,2077,PASS,9,14,True,True,False,Unspecified,,
1474465,A,A,IC50,,pubchem/confirmatory,data/raw/pubchem/confirmatory/AID_1474465_datatable_all.csv,True,1492,PASS,5,14,True,True,False,Unspecified,,
1474486,A,A,IC50,,pubchem/confirmatory,data/raw/pubchem/confirmatory/AID_1474486_datatable_all.csv,True,1457,PASS,9,11,True,True,False,Inactive,,
1511938,A,A,Pct_inh,,pubchem/confirmatory,data/raw/pubchem/confirmatory/AID_1511938_datatable_all.csv,True,569,PASS,1,11,True,True,False,Inactive,,
1632998,A,A,IC50,,pubchem/confirmatory,data/raw/pubchem/confirmatory/AID_1632998_datatable_all.csv,True,1825,PASS,8,14,True,True,False,Active|Unspecified,,
1651501,A,A,IC50,,pubchem/confirmatory,data/raw/pubchem/confirmatory/AID_1651501_datatable_all.csv,True,962,PASS,1,13,True,True,False,Active,,
1651502,A,A,IC50,,pubchem/confirmatory,data/raw/pubchem/confirmatory/AID_1651502_datatable_all.csv,True,963,PASS,1,13,True,True,False,Active,,
1813082,A,A,IC50,,pubchem/confirmatory,data/raw/pubchem/confirmatory/AID_1813082_datatable_all.csv,True,1087,PASS,2,13,True,True,False,Active,,
1813806,A,A,IC50,,pubchem/confirmatory,data/raw/pubchem/confirmatory/AID_1813806_datatable_all.csv,True,1832,PASS,6,13,True,True,False,Active,,
1875531,A,A,IC50,,pubchem/confirmatory,data/raw/pubchem/confirmatory/AID_1875531_datatable_all.csv,True,1839,PASS,6,13,True,True,False,Active,,
1920046,A,A,IC50,DUAL_LAYER_D,pubchem/confirmatory,data/raw/pubchem/confirmatory/AID_1920046_datatable_all.csv,True,4914,PASS,23,16,True,True,False,Active,,
1973686,A,A,IC50,,pubchem/confirmatory,data/raw/pubchem/confirmatory/AID_1973686_datatable_all.csv,True,1098,PASS,2,13,True,True,False,Active,,
1993481,A,A,IC50,,pubchem/confirmatory,data/raw/pubchem/confirmatory/AID_1993481_datatable_all.csv,True,1680,PASS,6,13,True,True,False,Unspecified,,
2006936,A,A,IC50,,pubchem/confirmatory,data/raw/pubchem/confirmatory/AID_2006936_datatable_all.csv,True,1651,PASS,6,13,True,True,False,Unspecified,,
2034405,A,A,IC50,,pubchem/confirmatory,data/raw/pubchem/confirmatory/AID_2034405_datatable_all.csv,True,1061,PASS,2,13,True,True,False,Active,,
2034406,A,A,IC50,,pubchem/confirmatory,data/raw/pubchem/confirmatory/AID_2034406_datatable_all.csv,True,1032,PASS,2,13,True,True,False,Active|Unspecified,,
2034407,A,A,IC50,,pubchem/confirmatory,data/raw/pubchem/confirmatory/AID_2034407_datatable_all.csv,True,953,PASS,1,13,True,True,False,Active,,
2071731,A,A,IC50,,pubchem/confirmatory,data/raw/pubchem/confirmatory/AID_2071731_datatable_all.csv,True,6534,PASS,42,13,True,True,False,Active|Unspecified,,
2134413,A,A,IC50,,pubchem/confirmatory,data/raw/pubchem/confirmatory/AID_2134413_datatable_all.csv,True,1957,PASS,9,13,True,True,False,Active,,
2200614,A,A,IC50,,pubchem/confirmatory,data/raw/pubchem/confirmatory/AID_2200614_datatable_all.csv,True,968,PASS,1,13,True,True,False,Active,,
1422897,A,A,IC50,,pubchem/confirmatory,data/raw/pubchem/confirmatory/AID_1422897_datatable_all.csv,True,1468,PASS,5,14,True,True,False,Unspecified,,
725673,A,A,IC50,,pubchem/confirmatory,data/raw/pubchem/confirmatory/AID_725673_datatable_all.csv,True,934,PASS,1,13,True,True,False,Active,,
725596,A,A,IC50,VERIFIED_DOSE_RESPONSE,pubchem/confirmatory,data/raw/pubchem/confirmatory/AID_725596_datatable_all.csv,True,1852,PASS,13,12,True,True,False,Unspecified,"Confirmed dose-response. '10µM' in AID description = enzyme preincubation conc, not compound conc.",
725597,A,A,IC50,VERIFIED_DOSE_RESPONSE,pubchem/confirmatory,data/raw/pubchem/confirmatory/AID_725597_datatable_all.csv,True,1849,PASS,13,12,True,True,False,Unspecified,"Confirmed dose-response. '1µM' in AID description = enzyme preincubation conc, not compound conc.",
725598,A,A,IC50,,pubchem/confirmatory,data/raw/pubchem/confirmatory/AID_725598_datatable_all.csv,True,1600,PASS,8,13,True,True,False,Unspecified,,
1196525,A,A,IC50,,pubchem/confirmatory,data/raw/pubchem/confirmatory/AID_1196525_datatable_all.csv,True,1535,PASS,8,11,True,True,False,Inactive,,
1069613,A,A,IC50,,pubchem/confirmatory,data/raw/pubchem/confirmatory/AID_1069613_datatable_all.csv,True,1035,PASS,2,13,True,True,False,Unspecified,,
1069619,A,A,Pct_inh,,pubchem/confirmatory,data/raw/pubchem/confirmatory/AID_1069619_datatable_all.csv,True,1400,PASS,6,13,True,True,False,Active,,
1069623,A,A,Pct_inh,,pubchem/confirmatory,data/raw/pubchem/confirmatory/AID_1069623_datatable_all.csv,True,3783,PASS,32,12,True,True,False,Unspecified,,
627371,A,A,Pct_inh,,pubchem/confirmatory,data/raw/pubchem/confirmatory/AID_627371_datatable_all.csv,True,3777,PASS,22,14,True,True,False,Active|Unspecified,,
627428,A,A,Pct_inh,,pubchem/confirmatory,data/raw/pubchem/confirmatory/AID_627428_datatable_all.csv,True,887,PASS,4,10,True,True,False,Active,,
627432,A,A,Pct_inh,,pubchem/confirmatory,data/raw/pubchem/confirmatory/AID_627432_datatable_all.csv,True,1059,PASS,4,12,True,True,False,Unspecified,,
626724,A,A,Pct_inh,,pubchem/confirmatory,data/raw/pubchem/confirmatory/AID_626724_datatable_all.csv,True,624,PASS,2,10,True,True,False,Active,,
626728,A,A,Pct_inh,,pubchem/confirmatory,data/raw/pubchem/confirmatory/AID_626728_datatable_all.csv,True,636,PASS,2,10,True,True,False,Inactive,,
1069614,A,A,Pct_inh,,pubchem/confirmatory,data/raw/pubchem/confirmatory/AID_1069614_datatable_all.csv,True,471,PASS,1,10,True,True,False,Inactive,,
1069618,A,A,Pct_inh,,pubchem/confirmatory,data/raw/pubchem/confirmatory/AID_1069618_datatable_all.csv,True,907,PASS,5,10,True,True,False,Inactive,,
588488,A,A,IC50,,pubchem/confirmatory,data/raw/pubchem/confirmatory/AID_588488_datatable_all.csv,True,14615,PASS,136,13,True,True,False,Inactive,,
588559,A,A,IC50,,pubchem/confirmatory,data/raw/pubchem/confirmatory/AID_588559_datatable_all.csv,True,2884,PASS,30,9,True,True,False,Active|Inactive,,
588560,A,A,IC50,,pubchem/confirmatory,data/raw/pubchem/confirmatory/AID_588560_datatable_all.csv,True,11023,PASS,102,13,True,True,False,Active|Inactive,,
626735,C,C,Kinact_Ki,,pubchem/literature_derived,data/raw/pubchem/literature_derived/AID_626735_datatable_all.csv,True,608,PASS,1,11,True,True,False,Unspecified,,
626738,C,C,Kinact_Ki,,pubchem/literature_derived,data/raw/pubchem/literature_derived/AID_626738_datatable_all.csv,True,608,PASS,1,11,True,True,False,Unspecified,,
712876,C,C,Kinact_Ki,,pubchem/literature_derived,data/raw/pubchem/literature_derived/AID_712876_datatable_all.csv,True,1711,PASS,11,12,True,True,False,Unspecified,,
725671,C,C,Kinact_Ki,,pubchem/literature_derived,data/raw/pubchem/literature_derived/AID_725671_datatable_all.csv,True,970,PASS,4,12,True,True,False,Unspecified,,
1069608,C,C,Kinact_Ki,,pubchem/literature_derived,data/raw/pubchem/literature_derived/AID_1069608_datatable_all.csv,True,1046,PASS,5,12,True,True,False,Unspecified,,
1196521,C,C,Kinact_Ki,,pubchem/literature_derived,data/raw/pubchem/literature_derived/AID_1196521_datatable_all.csv,True,695,PASS,1,12,True,True,False,Unspecified,,
1364668,C,C,Kinact_Ki,,pubchem/literature_derived,data/raw/pubchem/literature_derived/AID_1364668_datatable_all.csv,True,1037,PASS,4,12,True,True,False,Unspecified,,
1422898,C,C,Kinact_Ki,,pubchem/literature_derived,data/raw/pubchem/literature_derived/AID_1422898_datatable_all.csv,True,1421,PASS,8,12,True,True,False,Unspecified,,
1422904,C,C,Kinact_Ki,,pubchem/literature_derived,data/raw/pubchem/literature_derived/AID_1422904_datatable_all.csv,True,682,PASS,1,12,True,True,False,Unspecified,,
2076402,C,C,Kinact_Ki,,pubchem/literature_derived,data/raw/pubchem/literature_derived/AID_2076402_datatable_all.csv,True,679,PASS,1,12,True,True,False,Unspecified,,
651867,C,C,Kinact_Ki,,pubchem/literature_derived,data/raw/pubchem/literature_derived/AID_651867_datatable_all.csv,True,1351,PASS,1,15,True,True,False,Active,,
2041348,D,D,FP_binding,,pubchem/secondary,data/raw/pubchem/secondary/AID_2041348_datatable_all.csv,True,957,PASS,1,13,True,True,False,Unspecified,,
2041349,D,D,FP_binding,,pubchem/secondary,data/raw/pubchem/secondary/AID_2041349_datatable_all.csv,True,965,PASS,1,13,True,True,False,Active,,
2053867,D,D,FP_binding,,pubchem/secondary,data/raw/pubchem/secondary/AID_2053867_datatable_all.csv,True,950,PASS,1,13,True,True,False,Active,,
2053915,D,D,Enzymatic,,pubchem/secondary,data/raw/pubchem/secondary/AID_2053915_datatable_all.csv,True,964,PASS,1,13,True,True,False,Active,,
2053917,D,D,FP_binding,,pubchem/secondary,data/raw/pubchem/secondary/AID_2053917_datatable_all.csv,True,966,PASS,1,13,True,True,False,Active,,
2193457,D,D,Enzymatic,,pubchem/secondary,data/raw/pubchem/secondary/AID_2193457_datatable_all.csv,True,946,PASS,1,13,True,True,False,Active,,
1625405,D,D,Displacement,,pubchem/secondary,data/raw/pubchem/secondary/AID_1625405_datatable_all.csv,True,962,PASS,1,13,True,True,False,Active,,
1806765,D,D,FP_binding,,pubchem/secondary,data/raw/pubchem/secondary/AID_1806765_datatable_all.csv,True,5903,PASS,29,16,True,True,False,Active|Inactive,,
1920046,D,D,FP_binding,DUAL_LAYER_A,pubchem/secondary,data/raw/pubchem/secondary/AID_1920046_datatable_all.csv,True,4914,PASS,23,16,True,True,False,Active,,
2202442,D,D,FP_binding,DUAL_LAYER_A,pubchem/secondary,data/raw/pubchem/secondary/AID_2202442_datatable_all.csv,True,4914,PASS,23,16,True,True,False,Active|Inactive,,
1069597,D,D,Mass_shift,,pubchem/secondary,data/raw/pubchem/secondary/AID_1069597_datatable_all.csv,True,723,PASS,3,10,True,True,False,Active,,
1069598,D,D,Mass_shift,,pubchem/secondary,data/raw/pubchem/secondary/AID_1069598_datatable_all.csv,True,723,PASS,3,10,True,True,False,Active,,
1069599,D,D,Mass_shift,,pubchem/secondary,data/raw/pubchem/secondary/AID_1069599_datatable_all.csv,True,723,PASS,3,10,True,True,False,Active,,
1069600,D,D,Mass_shift,,pubchem/secondary,data/raw/pubchem/secondary/AID_1069600_datatable_all.csv,True,723,PASS,3,10,True,True,False,Active,,
1069601,D,D,Mass_shift,,pubchem/secondary,data/raw/pubchem/secondary/AID_1069601_datatable_all.csv,True,723,PASS,3,10,True,True,False,Active,,
1069604,D,D,Mass_shift,,pubchem/secondary,data/raw/pubchem/secondary/AID_1069604_datatable_all.csv,True,723,PASS,3,10,True,True,False,Active,,
1069605,D,D,FP_ABPP,,pubchem/secondary,data/raw/pubchem/secondary/AID_1069605_datatable_all.csv,True,549,PASS,1,11,True,True,False,Active,,
1069606,D,D,FP_ABPP,,pubchem/secondary,data/raw/pubchem/secondary/AID_1069606_datatable_all.csv,True,823,PASS,3,11,True,True,False,Active,,
588487,D,D,ABPP_Gel,,pubchem/secondary,data/raw/pubchem/secondary/AID_588487_datatable_all.csv,True,34058,PASS,316,13,True,True,False,Active|Inactive,,
651627,D,D,Binding_mode,,pubchem/secondary,data/raw/pubchem/secondary/AID_651627_datatable_all.csv,True,921,PASS,6,9,True,True,False,Active,,
1346144,D,D,Ki_Kd,CHECK_UNITS,pubchem/secondary,data/raw/pubchem/secondary/AID_1346144_datatable_all.csv,True,1918,PASS,3,13,True,True,False,Active,ChEMBL affinity aggregator — mixed Ki/Kd units. Curate Standard Units carefully during normalization.,
2039667,E,E,NH3_release,,pubchem/secondary,data/raw/pubchem/secondary/AID_2039667_datatable_all.csv,True,949,PASS,1,13,True,True,False,Active,,
2053916,E,E,NH3_release,,pubchem/secondary,data/raw/pubchem/secondary/AID_2053916_datatable_all.csv,True,965,PASS,1,13,True,True,False,Active,,
627442,E,E,Pct_inh,,pubchem/secondary,data/raw/pubchem/secondary/AID_627442_datatable_all.csv,True,720,PASS,2,11,True,True,False,Active,,
627443,E,E,Pct_inh,,pubchem/secondary,data/raw/pubchem/secondary/AID_627443_datatable_all.csv,True,720,PASS,2,11,True,True,False,Active,,
1422917,E,E,Pct_inh,,pubchem/secondary,data/raw/pubchem/secondary/AID_1422917_datatable_all.csv,True,680,PASS,2,11,True,True,False,Active,,
