source,aid,layer,n_input_rows,n_exploded_rows,n_ok,n_no_value,n_unconvertible,n_parse_error,pct_ok,n_use_in_model,median_pic50,min_pic50,max_pic50
pubchem_hts,463073,HTS,2000,2000,2000,0,0,0,100.0,0,,,
pubchem_hts,485272,HTS,326134,326134,326134,0,0,0,100.0,0,,,
pubchem_hts,488796,HTS,1182,1182,1182,0,0,0,100.0,0,,,
pubchem_confirmatory,492970,A,10,10,10,0,0,0,100.0,10,4.393,4.0,5.602
pubchem_confirmatory,320707,A,3,3,3,0,0,0,100.0,0,,,
pubchem_confirmatory,1804546,A,26,26,26,0,0,0,100.0,26,5.062,5.0,6.26
pubchem_confirmatory,1804627,A,42,42,42,0,0,0,100.0,0,,,
pubchem_confirmatory,1805620,A,134,134,134,0,0,0,100.0,134,4.939,4.0,5.824
pubchem_confirmatory,1806182,A,136,136,136,0,0,0,100.0,136,5.062,5.0,6.0
pubchem_confirmatory,1806183,A,56,56,56,0,0,0,100.0,56,5.523,5.0,6.0
pubchem_confirmatory,1806764,A,85,85,85,0,0,0,100.0,85,6.0,5.0,6.0
pubchem_confirmatory,1919095,A,1097,1097,1097,0,0,0,100.0,1097,7.102,5.341,8.301
pubchem_confirmatory,1920200,A,328,328,328,0,0,0,100.0,328,6.936,4.301,7.886
pubchem_confirmatory,1963715,A,49,49,49,0,0,0,100.0,49,7.26,6.747,7.921
pubchem_confirmatory,2202576,A,75,75,75,0,0,0,100.0,75,7.26,6.0,8.0
pubchem_confirmatory,2202577,A,231,231,231,0,0,0,100.0,231,6.523,6.0,7.26
pubchem_confirmatory,2202596,A,615,615,615,0,0,0,100.0,615,6.824,4.641,8.523
pubchem_confirmatory,2202597,A,18,18,18,0,0,0,100.0,18,6.451,5.12,6.747
pubchem_confirmatory,2202717,A,53,53,53,0,0,0,100.0,53,7.328,4.727,8.398
pubchem_confirmatory,2202442,A,23,23,23,0,0,0,100.0,23,6.0,5.0,6.0
pubchem_confirmatory,1330527,A,6,6,6,0,0,0,100.0,6,7.05,6.8,7.4
pubchem_confirmatory,1471656,A,9,9,9,0,0,0,100.0,0,,,
pubchem_confirmatory,1474465,A,5,5,5,0,0,0,100.0,0,,,
pubchem_confirmatory,1474486,A,9,9,0,9,0,0,0.0,0,,,
pubchem_confirmatory,1511938,A,1,1,0,1,0,0,0.0,0,,,
pubchem_confirmatory,1632998,A,8,8,8,0,0,0,100.0,8,4.426,3.889,5.056
pubchem_confirmatory,1651501,A,1,1,1,0,0,0,100.0,1,7.301,7.301,7.301
pubchem_confirmatory,1651502,A,1,1,1,0,0,0,100.0,1,6.602,6.602,6.602
pubchem_confirmatory,1813082,A,2,2,2,0,0,0,100.0,2,5.819,5.638,6.0
pubchem_confirmatory,1813806,A,6,6,6,0,0,0,100.0,6,8.301,8.222,8.301
pubchem_confirmatory,1875531,A,6,6,6,0,0,0,100.0,6,7.709,7.666,7.851
pubchem_confirmatory,1920046,A,23,23,23,0,0,0,100.0,23,7.0,5.26,7.0
pubchem_confirmatory,1973686,A,2,2,2,0,0,0,100.0,2,5.495,5.495,5.495
pubchem_confirmatory,1993481,A,6,6,6,0,0,0,100.0,6,8.0,8.0,8.0
pubchem_confirmatory,2006936,A,6,6,6,0,0,0,100.0,6,8.0,8.0,8.0
pubchem_confirmatory,2034405,A,2,2,2,0,0,0,100.0,2,6.097,5.495,6.699
pubchem_confirmatory,2034406,A,2,2,2,0,0,0,100.0,2,4.94,4.658,5.222
pubchem_confirmatory,2034407,A,1,1,1,0,0,0,100.0,1,6.699,6.699,6.699
pubchem_confirmatory,2071731,A,42,42,42,0,0,0,100.0,42,5.756,4.618,6.208
pubchem_confirmatory,2134413,A,9,9,9,0,0,0,100.0,9,5.631,5.019,5.724
pubchem_confirmatory,2200614,A,1,1,1,0,0,0,100.0,1,7.009,7.009,7.009
pubchem_confirmatory,1422897,A,5,5,5,0,0,0,100.0,5,4.538,3.721,4.796
pubchem_confirmatory,725673,A,1,1,1,0,0,0,100.0,1,5.229,5.229,5.229
pubchem_confirmatory,725596,A,13,13,13,0,0,0,100.0,0,,,
pubchem_confirmatory,725597,A,13,13,13,0,0,0,100.0,0,,,
pubchem_confirmatory,725598,A,8,8,4,0,4,0,50.0,0,,,
pubchem_confirmatory,1196525,A,8,8,0,8,0,0,0.0,0,,,
pubchem_confirmatory,1069613,A,2,2,1,0,1,0,50.0,0,,,
pubchem_confirmatory,1069619,A,6,6,6,0,0,0,100.0,6,6.097,5.481,6.62
pubchem_confirmatory,1069623,A,32,32,32,0,0,0,100.0,0,,,
pubchem_confirmatory,627371,A,22,22,22,0,0,0,100.0,18,3.405,2.0,5.721
pubchem_confirmatory,627428,A,4,4,0,4,0,0,0.0,0,,,
pubchem_confirmatory,627432,A,4,4,0,0,4,0,0.0,0,,,
pubchem_confirmatory,626724,A,2,2,0,2,0,0,0.0,0,,,
pubchem_confirmatory,626728,A,2,2,0,2,0,0,0.0,0,,,
pubchem_confirmatory,1069614,A,1,1,0,1,0,0,0.0,0,,,
pubchem_confirmatory,1069618,A,5,5,0,5,0,0,0.0,0,,,
pubchem_confirmatory,588488,A,136,136,136,0,0,0,100.0,0,,,
pubchem_confirmatory,588559,A,30,30,30,0,0,0,100.0,0,,,
pubchem_confirmatory,588560,A,102,102,102,0,0,0,100.0,0,,,
pubchem_literature_derived,626735,C,1,1,0,1,0,0,0.0,0,,,
pubchem_literature_derived,626738,C,1,1,0,1,0,0,0.0,0,,,
pubchem_literature_derived,712876,C,11,11,0,0,11,0,0.0,0,,,
pubchem_literature_derived,725671,C,4,4,0,0,4,0,0.0,0,,,
pubchem_literature_derived,1069608,C,5,5,0,0,5,0,0.0,0,,,
pubchem_literature_derived,1196521,C,1,1,0,0,1,0,0.0,0,,,
pubchem_literature_derived,1364668,C,4,4,0,0,4,0,0.0,0,,,
pubchem_literature_derived,1422898,C,8,8,0,0,8,0,0.0,0,,,
pubchem_literature_derived,1422904,C,1,1,0,0,1,0,0.0,0,,,
pubchem_literature_derived,2076402,C,1,1,0,0,1,0,0.0,0,,,
pubchem_literature_derived,651867,C,1,1,0,1,0,0,0.0,0,,,
pubchem_secondary,2041348,D,1,1,1,0,0,0,100.0,0,4.0,4.0,4.0
pubchem_secondary,2041349,D,1,1,1,0,0,0,100.0,0,7.301,7.301,7.301
pubchem_secondary,2053867,D,1,1,1,0,0,0,100.0,0,6.602,6.602,6.602
pubchem_secondary,2053915,D,1,1,1,0,0,0,100.0,0,,,
pubchem_secondary,2053917,D,1,1,1,0,0,0,100.0,0,6.602,6.602,6.602
pubchem_secondary,2193457,D,1,1,1,0,0,0,100.0,0,5.229,5.229,5.229
pubchem_secondary,1625405,D,1,1,1,0,0,0,100.0,0,7.301,7.301,7.301
pubchem_secondary,1806765,D,29,29,29,0,0,0,100.0,0,5.26,5.0,6.0
pubchem_secondary,1069597,D,3,3,0,3,0,0,0.0,0,,,
pubchem_secondary,1069598,D,3,3,0,3,0,0,0.0,0,,,
pubchem_secondary,1069599,D,3,3,0,3,0,0,0.0,0,,,
pubchem_secondary,1069600,D,3,3,0,3,0,0,0.0,0,,,
pubchem_secondary,1069601,D,3,3,0,3,0,0,0.0,0,,,
pubchem_secondary,1069604,D,3,3,0,3,0,0,0.0,0,,,
pubchem_secondary,1069605,D,1,1,0,1,0,0,0.0,0,,,
pubchem_secondary,1069606,D,3,3,0,3,0,0,0.0,0,,,
pubchem_secondary,588487,D,316,316,316,0,0,0,100.0,0,,,
pubchem_secondary,651627,D,6,6,0,6,0,0,0.0,0,,,
pubchem_secondary,1346144,D,3,3,1,2,0,0,33.3,0,5.7,5.7,5.7
pubchem_secondary,2039667,E,1,1,1,0,0,0,100.0,0,7.301,7.301,7.301
pubchem_secondary,2053916,E,1,1,1,0,0,0,100.0,0,7.301,7.301,7.301
pubchem_secondary,627442,E,2,2,0,2,0,0,0.0,0,,,
pubchem_secondary,627443,E,2,2,0,2,0,0,0.0,0,,,
pubchem_secondary,1422917,E,2,2,0,2,0,0,0.0,0,,,
chembl,CHEMBL6111,chembl,4925,4925,1779,3084,62,0,36.1,1677,6.87,2.0,8.301
bindingdb,Q9UM07,bindingdb,3087,3087,3087,0,0,0,100.0,3048,6.843,2.0,8.523
