scaffold_rank,scaffold_smiles,series_size,n_severe_cliffs,n_possible_pairs,cliff_density,smoothness_score,mean_pic50,median_pic50,potency_range,sd_pic50,mean_sali,max_sali,contains_patent_exclusive
1,O=C(c1ccc2[nH]c(-c3cc4ccc(-c5ccccc5)nc4n3CC3CC3)nc2c1)N1CC2CCC1C2,174,23,15051,0.00153,0.99847,7.068,7.161,2.659,0.449,1.929,25.854,False
2,O=C(c1ccc2[nH]c(-c3cc4ccc(-c5ccccc5)nc4n3CC3CC3)nc2c1)N1CCCCC1,102,0,5151,0.0,1.0,6.953,6.967,1.96,0.366,1.686,13.219,False
3,O=C(c1ccc2cc(-c3cc4cccc(C5CCNCC5)c4n3CC3CC3)nn2c1)N1CCCCC1,60,3,1770,0.00169,0.99831,6.991,6.979,2.403,0.457,1.856,13.618,False
4,O=C1NCCc2cc3[nH]c(-c4cc5ccccc5n4CC4CC4)nc3cc21,58,1,1653,0.0006,0.9994,6.425,6.523,2.0,0.34,1.028,13.692,False
5,O=C(c1ccc2[nH]c(-c3cc4cccnc4n3CC3CC3)nc2c1)N1CCCCC1,48,1,1128,0.00089,0.99911,6.454,6.657,2.672,0.759,2.399,13.544,False
6,O=C(c1ccc2[nH]c(-c3cc4ccc(-c5ccccc5)cc4n3CC3CC3)nc2c1)N1CC2CCC1C2,44,0,946,0.0,1.0,7.13,7.079,1.242,0.258,1.285,9.518,False
7,O=C(c1ccc2cc(-c3cc4ccc(-c5ccccc5)cc4n3CC3CC3)nn2c1)N1CCCCC1,39,0,741,0.0,1.0,6.412,6.337,1.927,0.425,1.674,8.117,False
8,O=C(c1ccc2[nH]c(-c3cc4ccc(-c5cccnc5)nc4n3CC3CC3)nc2c1)N1CC2CCC1C2,33,0,528,0.0,1.0,7.153,7.26,1.48,0.294,1.467,8.512,False
9,O=C(c1ccc2cc(-c3cc4cccc(C5CCN(C(=O)C6CCCCC6)CC5)c4n3CC3CC3)nn2c1)N1CCCCC1,29,0,406,0.0,1.0,7.126,7.155,1.748,0.514,2.803,11.699,True
10,O=C(/C=C/c1cccnc1)c1c(-c2ccccc2)c2ccccc2[nH]c1=O,28,0,378,0.0,1.0,5.231,4.939,1.669,0.526,1.505,4.627,False
11,O=C(/C=C/c1cncnc1)c1c(-c2ccccc2)c2ccccc2[nH]c1=O,28,0,378,0.0,1.0,4.666,4.939,1.669,0.504,1.853,7.65,False
12,O=C(/C=C/c1cccnc1)C1C(=O)NC2CCCCC2C1c1ccccc1,27,0,351,0.0,1.0,5.209,4.939,1.669,0.522,1.529,5.219,True
13,O=C(c1ccc2[nH]c(-c3cc4ccc(-c5cccnc5)nc4n3CC3CC3)nc2c1)N1CCCCC1,27,0,351,0.0,1.0,6.965,6.893,1.217,0.316,1.611,8.516,False
14,O=C(c1ccn2cc(-c3cc4ccccc4n3Cc3ccccc3)nc2c1)N1CCCCC1,23,0,253,0.0,1.0,5.764,6.0,0.74,0.32,0.992,5.923,False
15,O=C(c1ccc2cc(-c3cc4ccc(-c5ccccc5)nc4n3CC3CC3)nn2c1)N1CC2CCC1C2,22,0,231,0.0,1.0,6.824,6.86,2.087,0.664,2.767,11.259,False
16,O=C(c1ccc2[nH]c(-c3cc4ccc(-c5ccccc5)cc4n3CC3CC3)nc2c1)N1C[C@H]2CC[C@@H]1C2,20,0,190,0.0,1.0,7.034,6.943,0.713,0.236,1.424,5.848,False
17,O=C1NCCc2cc3[nH]c(-c4cc5ccccc5[nH]4)nc3cc21,19,0,171,0.0,1.0,6.195,6.125,1.26,0.316,1.144,6.721,False
18,O=C(/C=C/c1cncnc1)C1C(=O)NC2CCCCC2C1c1ccccc1,18,0,153,0.0,1.0,4.645,4.547,1.669,0.571,1.843,7.703,True
19,O=C(c1ccc2cc(-c3cc4ccc(N5CCCCC5)cc4n3CC3CC3)nn2c1)N1CCCCC1,18,0,153,0.0,1.0,6.732,6.722,1.285,0.416,1.93,8.751,False
20,O=C(NCc1ccc2cc(-c3nc4cc(C(=O)N5CCCCN5)ccc4[nH]3)n(CC3CC3)c2n1)c1ccccc1,16,0,120,0.0,1.0,6.855,6.853,0.368,0.114,0.757,2.48,False
21,O=C(c1ccc2cc(-c3cc4cccc(C5CNC5)c4n3CC3CC3)nn2c1)N1CCCCC1,16,0,120,0.0,1.0,6.293,6.281,1.981,0.529,2.463,12.03,False
22,O=C(c1ccc2cc(-c3cc4cccc(C5CN(C(=O)C6CCCCC6)C5)c4n3CC3CC3)nn2c1)N1CCCCC1,16,0,120,0.0,1.0,6.942,7.18,1.527,0.485,3.033,13.745,True
23,O=C(c1ccc2cc(-c3cc4ccc(-c5ccccc5)nc4n3CC3CC3)nn2c1)N1CCCCC1,16,0,120,0.0,1.0,6.62,6.63,1.183,0.312,1.384,5.193,False
24,O=C(c1ccc2[nH]c(-c3cc4ccc(-c5ccccc5)nc4n3CC3CC3)nc2c1)N1C[C@H]2CC[C@@H]1C2,16,0,120,0.0,1.0,7.108,7.046,0.764,0.27,1.51,5.767,False
25,O=C(c1ccc2[nH]c(-c3cc4ccc(-c5ccccc5)cc4n3CC3CC3)nc2c1)N1CCCCC1,15,0,105,0.0,1.0,6.672,6.879,1.506,0.522,3.025,11.58,False
26,O=C(c1ccc2cc(-c3cc4cccc(C5CCN(C(=O)C6CCC6)CC5)c4n3CC3CC3)nn2c1)N1CCCCC1,15,2,105,0.01905,0.98095,6.994,7.097,2.657,0.664,3.12,15.665,False
27,O=C(c1ccc2[nH]c(-c3cc4ccc(Nc5ccncc5)nc4n3CC3CC3)nc2c1)N1CC2CCC1C2,15,0,105,0.0,1.0,7.329,7.276,1.052,0.304,1.839,8.249,False
28,O=C(c1ccn2cc(-c3cc4ccccc4[nH]3)nc2c1)N1CCCCC1,14,0,91,0.0,1.0,5.805,6.0,1.0,0.354,1.154,6.571,False
29,O=C(c1ccc2cc(-c3cc4cccnc4n3CC3CC3)nn2c1)N1CCCCC1,13,0,78,0.0,1.0,6.359,6.446,1.895,0.584,2.225,7.049,False
30,O=C(c1ccc2cc(-c3cc4cccnc4n3CC3CC3)nn2c1)N1CC2CCC1C2,12,0,66,0.0,1.0,7.209,7.314,1.501,0.495,1.961,6.227,False
31,c1ccccc1,12,0,66,0.0,1.0,4.067,3.936,3.675,1.258,2.85,5.991,False
32,O=C(CNC(=O)c1cc2c([nH]c3ccccc32)c(-c2ccccc2)n1)NCc1ccccc1,12,0,66,0.0,1.0,5.719,5.781,1.104,0.328,2.302,13.244,False
33,O=C(c1ccc2[nH]c(-c3cc4ccc(-c5cn[nH]c5)nc4n3CC3CC3)nc2c1)N1CC2CCC1C2,12,1,66,0.01515,0.98485,6.99,7.167,2.631,0.671,2.876,15.458,False
34,O=C(c1ccn2cc(-c3cc4ccccc4n3CC3CC3)nc2c1)N1CCCCC1,12,0,66,0.0,1.0,5.69,5.877,1.0,0.383,1.49,4.442,False
35,O=C1NCCc2cc3[nH]c(-c4cc5ccccc5n4Cc4ccno4)nc3cc21,11,0,55,0.0,1.0,6.587,6.523,1.135,0.269,1.165,5.673,False
36,O=C(/C=C/c1ccccc1)c1c(-c2ccccc2)c2ccccc2[nH]c1=O,11,0,55,0.0,1.0,4.569,4.939,0.939,0.428,1.011,3.922,False
37,O=C1NCCc2cc3[nH]c(-c4cc5cccc(OCCn6ccnc6)c5n4CC4CC4)nc3cc21,11,0,55,0.0,1.0,7.513,8.0,1.293,0.591,3.424,12.786,False
38,O=C(c1ccc2[nH]c(-c3cc4cccnc4n3CC3CC3)nc2c1)N1[C@H]2CC[C@@H]1CC2,10,1,45,0.02222,0.97778,6.858,7.256,3.173,1.018,2.932,15.224,False
39,O=C(NCc1ccc2cc(-c3nc4cc(C(=O)N5CC[C@@H]6CC[C@H]5C6)ccc4[nH]3)n(CC3CC3)c2n1)C1CC1,10,0,45,0.0,1.0,7.11,7.149,0.501,0.149,1.062,2.977,False
40,O=C1CC(COc2cccc3cc(-c4cc5ccc(C(=O)N6CCCCC6)cn5n4)n(CC4CC4)c23)CN1,10,0,45,0.0,1.0,7.136,7.13,1.04,0.333,1.54,4.714,False
41,O=C(NCc1ccc2cc(-c3nc4cc(C(=O)N5CC[C@H]6CC[C@@H]5C6)ccc4[nH]3)n(CC3CC3)c2n1)C1CC1,10,0,45,0.0,1.0,7.11,7.149,0.501,0.149,1.062,2.977,True
42,O=C(c1ccc2[nH]c(-c3cc4ccc(-c5ccncc5)nc4n3CC3CC3)nc2c1)N1CC2CCC1C2,9,0,36,0.0,1.0,6.878,6.921,0.762,0.238,1.436,5.439,False
43,O=C1Cc2cc(-c3ccc4cc(-c5nc6cc(C(=O)N7CC8CCC7C8)ccc6[nH]5)n(CC5CC5)c4n3)ccc2N1,9,0,36,0.0,1.0,7.258,7.398,1.497,0.467,1.669,7.843,False
44,O=C(c1ccc2[nH]c(-c3cc4sccc4n3CC3CC3)nc2c1)N1C[C@H]2CC[C@@H]1C2,9,0,36,0.0,1.0,7.287,7.252,0.419,0.14,0.751,1.69,False
45,O=C(c1ccc2[nH]c(-c3cc4ccc(Nc5ccccc5)nc4n3CC3CC3)nc2c1)N1CC2CCC1C2,9,0,36,0.0,1.0,6.964,7.004,0.401,0.127,0.929,2.253,False
46,O=C(CNC(=O)c1cc2c(cn1)[nH]c1ccccc12)NCc1ccccc1,9,0,36,0.0,1.0,5.829,5.928,1.294,0.39,3.406,65.88,False
47,O=C(c1ccc2cc(-c3cc4ccc(-c5ccccc5)cc4n3CC3CC3)oc2c1)N1CC2CCC1C2,8,0,28,0.0,1.0,6.518,6.386,1.631,0.587,2.916,10.579,False
48,O=C(c1ccc2cc(-c3cc4ccnc(OCCn5ccnc5)c4n3CC3CC3)nn2c1)N1CCCCC1,8,1,28,0.03571,0.96429,6.879,7.054,2.471,1.071,4.441,12.793,False
49,O=C(NCc1ccc2cc(-c3nc4cc(C(=O)N5CC[C@H]6CC[C@@H]5C6)ccc4[nH]3)n(CC3CC3)c2n1)c1cccnc1,8,0,28,0.0,1.0,7.138,7.154,0.371,0.11,0.702,2.711,True
50,O=C1NCCc2cc3[nH]c(-c4cc5cccnc5n4CC4CC4)nc3cc21,8,0,28,0.0,1.0,6.396,6.523,0.398,0.184,0.688,1.791,False
51,O=C(NCc1ccc2cc(-c3nc4cc(C(=O)N5CC[C@@H]6CC[C@H]5C6)ccc4[nH]3)n(CC3CC3)c2n1)c1cccnc1,8,0,28,0.0,1.0,7.138,7.154,0.371,0.11,0.702,2.711,False
52,O=C(c1ccc2[nH]c(-c3cc4ccc(-c5ccc6[nH]c(=O)ccc6c5)nc4n3CC3CC3)nc2c1)N1CC2CCC1C2,8,0,28,0.0,1.0,7.233,7.172,0.988,0.311,1.965,5.201,False
53,O=C(c1ccc2[nH]c(-c3cc4ccc(-c5ccccn5)nc4n3CC3CC3)nc2c1)N1CC2CCC1C2,8,0,28,0.0,1.0,6.965,6.908,0.852,0.284,1.478,3.498,False
54,O=C(NCc1ccc2cc(-c3nc4cc(C(=O)N5CCCCN5)ccc4[nH]3)n(CC3CC3)c2n1)C1CC1,7,0,21,0.0,1.0,6.982,6.991,0.433,0.146,1.175,2.998,False
55,O=C(/C=C/c1ccccc1)C1C(=O)NC2CCCCC2C1c1ccccc1,7,0,21,0.0,1.0,4.693,4.939,0.939,0.423,1.044,2.997,True
56,O=C(c1ccc2[nH]c(-c3cc4ccccc4n3CC3CC3)nc2c1)N1CCCCC1,7,0,21,0.0,1.0,6.925,7.049,1.602,0.562,2.277,6.812,False
57,O=C(c1ccc2[nH]c(-c3cc4ccc(N5CCC5)nc4n3CC3CC3)nc2c1)N1CC2CCC1C2,7,0,21,0.0,1.0,6.151,6.189,0.788,0.323,2.219,4.571,False
58,O=C(c1ccc2[nH]c(-c3cc4ccc(-c5ccc6[nH]ccc(=O)c6c5)nc4n3CC3CC3)nc2c1)N1CC2CCC1C2,7,0,21,0.0,1.0,7.189,7.187,0.851,0.311,2.134,8.394,False
59,O=C(c1ccc2cc(-c3cc4ccc(-c5ccccc5)cc4n3CC3CC3)nn2c1)N1CC2CCC1C2,7,0,21,0.0,1.0,6.861,6.921,0.874,0.343,1.261,3.23,False
60,O=C(c1ccc2cc(-c3cc4ccc(N5CCCCC5)nc4n3CC3CC3)nn2c1)N1CCCCC1,7,0,21,0.0,1.0,5.651,5.676,0.393,0.133,0.713,2.096,False
61,O=C(c1ccc2[nH]c(-c3cc4ccc(-c5ccc6[nH]c(=O)ccc6c5)cc4n3CC3CC3)nc2c1)N1CC2CCC1C2,7,0,21,0.0,1.0,7.407,7.357,0.689,0.247,1.865,5.19,False
62,O=C(c1ccc2[nH]c(-c3cnc(-c4ccccc4)n3CC3CC3)nc2c1)N1CCCCC1,7,0,21,0.0,1.0,5.364,5.436,0.927,0.322,1.498,3.335,False
63,O=C1NCCc2cc3[nH]c(-c4cc5cccc(OCCn6cncn6)c5n4CC4CC4)nc3cc21,7,0,21,0.0,1.0,6.817,6.523,2.0,0.649,3.64,8.818,False
64,O=C1Cc2cc(-c3ccc4cc(-c5nc6cc(C(=O)N7CCCCC7)ccc6[nH]5)n(CC5CC5)c4n3)ccc2N1,7,0,21,0.0,1.0,7.047,7.194,0.602,0.271,1.08,2.781,False
65,O=C(c1ccc2c(c1)nc(-c1cc3cccnc3n1CC1CC1)n2C1CC1)N1CCCCC1,7,0,21,0.0,1.0,6.707,6.851,1.772,0.658,3.319,11.583,False
66,O=C(c1cc2c3c(c1)nc(-c1cc4ccccc4n1CC1CC1)n3CCN2)N1CCCCC1,6,0,15,0.0,1.0,6.293,6.5,1.24,0.506,0.993,6.733,False
67,O=C(c1ccc2[nH]c(-c3cc4ccc(CNC(=O)C56CC(C5)C6)nc4n3CC3CC3)nc2c1)N1CC[C@H]2CC[C@@H]1C2,6,0,15,0.0,1.0,7.09,7.09,0.346,0.12,1.137,2.96,True
68,O=C(c1ccc2[nH]c(-c3cc4ccc(Nc5cccnc5)nc4n3CC3CC3)nc2c1)N1CC2CCC1C2,6,0,15,0.0,1.0,6.807,6.927,1.081,0.399,3.179,6.146,False
69,O=C(c1ccc2[nH]c(-c3cc4ccc(-c5cncnc5)nc4n3CC3CC3)nc2c1)N1CC2CCC1C2,6,0,15,0.0,1.0,7.055,7.056,0.847,0.335,3.107,8.408,False
70,O=C(c1ccc2[nH]c(-c3cc4ccc(-c5cccnc5)cc4n3CC3CC3)nc2c1)N1CC2CCC1C2,6,0,15,0.0,1.0,7.162,7.106,0.923,0.356,2.376,5.017,False
71,O=C(c1ccc2cc(-c3cc4cccnc4n3CC3CC3)oc2c1)N1CC2CCC1C2,6,1,15,0.06667,0.93333,6.735,6.624,2.004,0.713,3.33,10.953,False
72,O=C1C=CC2=CC(c3ccc4cc(-c5nc6cc(C(=O)N7CC8CCC7C8)ccc6[nH]5)n(CC5CC5)c4n3)C=CC2=N1,6,0,15,0.0,1.0,7.288,7.172,0.802,0.315,2.349,4.741,True
73,O=C1CC[C@@H](COc2cccc3cc(-c4cc5ccc(C(=O)N6CCCCC6)cn5n4)n(CC4CC4)c23)N1,6,0,15,0.0,1.0,7.212,7.188,0.903,0.295,1.819,4.465,False
74,O=C1C=CC2=CC(c3ccc4cc(-c5nc6cc(C(=O)N7CC8CCC7C8)ccc6[nH]5)n(CC5CC5)c4c3)C=CC2=N1,6,0,15,0.0,1.0,7.416,7.389,0.689,0.269,2.176,5.033,True
75,O=C(c1ccc2cc(-c3cc4ccccc4n3CC3CC3)oc2c1)N1CCCCC1,6,0,15,0.0,1.0,6.272,6.489,1.56,0.576,2.316,8.74,False
76,O=C(c1ccc2cc(-c3cc4ccccc4n3CC3CC3)sc2c1)N1CCCCC1,6,0,15,0.0,1.0,6.093,6.064,0.726,0.281,1.281,2.604,False
77,O=C(c1ccc2cc(-c3cc4cccc(C5CCN(C(=O)C6CCCCO6)CC5)c4n3CC3CC3)nn2c1)N1CCCCC1,6,0,15,0.0,1.0,7.113,7.218,1.067,0.398,2.619,6.83,False
78,O=C1CCc2cc(-c3ccc4cc(-c5nc6cc(C(=O)N7CC8CCC7C8)ccc6[nH]5)n(CC5CC5)c4n3)ccc2N1,6,0,15,0.0,1.0,7.327,7.286,0.85,0.299,1.743,3.334,False
79,O=C(c1ccc2cc(-c3cc4ccc(N5CCCCC5)nc4n3CC3CC3)nn2c1)N1CC2CCC1C2,6,0,15,0.0,1.0,7.026,6.989,0.574,0.212,1.111,2.938,False
80,O=C(N[C@H]1CCNC1)c1ccc2[nH]c(-c3cc4cccnc4n3CC3CC3)nc2c1,6,1,15,0.06667,0.93333,5.172,5.236,2.319,0.854,5.76,11.716,False
81,O=C(Nc1ccccc1)c1ccc2cc(-c3nc4cc(C(=O)N5CCCCC5)ccc4[nH]3)n(CC3CC3)c2n1,6,0,15,0.0,1.0,6.754,6.907,1.52,0.523,1.236,3.07,False
82,O=C(c1ccc2[nH]c(-c3cc4cccnc4n3CC3CC3)nc2c1)N1CC[C@@H]2CC[C@H]1C2,6,0,15,0.0,1.0,7.055,7.055,0.325,0.116,0.985,2.467,False
83,O=C(c1ccc2[nH]c(-c3cccnc3)nc2c1)N1C[C@H]2CC[C@@H]1C2,6,0,15,0.0,1.0,5.174,5.0,0.523,0.27,1.131,2.652,False
84,O=C(c1ccc2[nH]c(-c3cccn3CC3CC3)nc2c1)N1CCCCC1,6,0,15,0.0,1.0,5.534,5.642,0.96,0.401,1.837,3.126,False
85,O=C(c1ccc2[nH]c(-c3cc4cccnc4n3CC3CC3)nc2c1)N1C[C@H]2CC[C@@H]1C2,6,0,15,0.0,1.0,5.551,5.213,1.719,0.74,4.286,6.148,False
86,O=C(c1ccc2cc(-c3cc4cccc(C5CCN(C(=O)C6CCCO6)CC5)c4n3CC3CC3)nn2c1)N1CCCCC1,6,0,15,0.0,1.0,6.939,6.939,1.519,0.607,3.945,10.513,False
87,O=C(c1ccc2[nH]c(-c3cc4ccc(CNC(=O)C56CC(C5)C6)nc4n3CC3CC3)nc2c1)N1CC[C@@H]2CC[C@H]1C2,6,0,15,0.0,1.0,7.09,7.09,0.346,0.12,1.137,2.96,False
88,O=C(c1ccc2[nH]c(-c3cc4ccc(-c5cn[nH]c5)nc4n3CC3CC3)nc2c1)N1CCCCC1,6,0,15,0.0,1.0,7.049,7.014,0.653,0.236,1.11,2.412,False
89,O=C(c1ccc2[nH]c(-c3cc4cccnc4n3CC3CC3)nc2c1)N1CC[C@H]2CC[C@@H]1C2,6,0,15,0.0,1.0,7.055,7.055,0.325,0.116,0.985,2.467,True
90,O=C(c1ccc2cc(-c3cc4ccccc4n3CC3CC3)oc2c1)N1CC2CCC1C2,5,0,10,0.0,1.0,6.839,6.64,1.054,0.484,1.898,3.294,False
91,O=C1CC[C@H](COc2cccc3cc(-c4cc5ccc(C(=O)N6CCCCC6)cn5n4)n(CC4CC4)c23)N1,5,0,10,0.0,1.0,6.603,6.745,1.35,0.536,3.472,7.68,False
92,O=C(NCc1ccc2cc(-c3nc4cc(C(=O)N5CC[C@@H]6CC[C@H]5C6)ccc4[nH]3)n(CC3CC3)c2n1)c1ccccc1,5,0,10,0.0,1.0,7.0,7.093,0.714,0.284,1.99,3.991,False
93,O=C(c1ccn2cc(-c3cc4ccccc4n3Cc3ccccn3)nc2c1)N1CCCCC1,5,0,10,0.0,1.0,5.835,6.0,0.827,0.37,1.133,4.135,False
94,O=C(NCc1ccc2cc(-c3nc4cc(C(=O)N5CC[C@H]6CC[C@@H]5C6)ccc4[nH]3)n(CC3CC3)c2n1)c1ccccc1,5,0,10,0.0,1.0,7.0,7.093,0.714,0.284,1.99,3.991,True
95,O=C1NCCc2cc3[nH]c(-c4cc5ccccc5n4CC4CCC4)nc3cc21,5,0,10,0.0,1.0,6.443,6.523,0.398,0.178,0.58,2.075,False
96,O=C1NCCc2cc3[nH]c(-c4cc5ccncc5n4CC4CC4)nc3cc21,5,0,10,0.0,1.0,6.05,6.0,0.125,0.068,0.27,0.678,False
97,c1ccc(-c2ccccc2)cc1,5,0,10,0.0,1.0,4.242,4.276,0.554,0.222,0.809,1.98,False
98,O=C(CNC(=O)c1ccccc1)NCc1ccccc1,5,0,10,0.0,1.0,5.466,5.622,0.705,0.3,1.4,2.864,False
99,O=C(/C=C/c1cncnc1)c1cnc2ccccc2c1-c1ccccc1,5,0,10,0.0,1.0,4.155,4.155,0.0,0.0,0.0,0.0,False
100,O=C(Cc1ccccc1)NCc1ccc2cc(-c3nc4cc(C(=O)N5CCCCN5)ccc4[nH]3)n(CC3CC3)c2n1,5,0,10,0.0,1.0,6.808,6.83,0.707,0.29,2.04,3.534,False
101,O=C1Cc2cc(-c3ccc4cc(-c5nc6cc(C(=O)N7CC8CCC7C8)ccc6[nH]5)n(CC5CC5)c4c3)ccc2N1,5,0,10,0.0,1.0,7.361,7.328,0.408,0.154,0.708,1.33,False
102,O=C1CCc2cc(-c3ccc4cc(-c5nc6cc(C(=O)N7CCCCC7)ccc6[nH]5)n(CC5CC5)c4n3)ccc2N1,5,0,10,0.0,1.0,7.185,7.194,0.258,0.097,0.588,0.855,False
103,O=C(c1ccc2cc(-c3cc4cccc(C5CCNCC5)c4n3CC3CC3)nn2c1)N1CC2CCC1C2,5,0,10,0.0,1.0,8.044,8.0,0.824,0.298,1.845,5.63,False
104,O=C(c1ccc2cc(-c3cc4ccccc4n3CC3CC3)nn2c1)N1CC2CCC1C2,5,0,10,0.0,1.0,7.529,7.523,0.898,0.327,1.468,3.913,False
105,O=C(c1ccc2[nH]c(-c3cc4ccc(-c5ccc6ncccc6c5)nc4n3CC3CC3)nc2c1)N1CC2CCC1C2,5,0,10,0.0,1.0,7.332,7.42,0.573,0.23,1.629,5.083,False
106,O=C(c1cc2c3c(c1)nc(-c1cc4ccccc4n1Cc1ccccc1)n3CCO2)N1CCCCC1,5,0,10,0.0,1.0,6.056,5.76,0.74,0.406,2.635,5.183,False
107,O=C(c1cc2c3c(c1)nc(-c1cc4ccccc4n1CC1CC1)n3CCO2)N1CCCCC1,5,0,10,0.0,1.0,6.03,5.76,1.87,0.728,3.365,7.156,False
108,O=C(N[C@@H]1CCCNC1)c1ccc2[nH]c(-c3cc4cccnc4n3CC3CC3)nc2c1,5,0,10,0.0,1.0,6.35,6.78,1.711,0.732,0.857,2.998,False
109,O=C(c1ccc2cc(-c3cc4ccc(N5CCC5)cc4n3CC3CC3)nn2c1)N1CCCCC1,5,0,10,0.0,1.0,6.235,6.272,1.479,0.546,3.03,6.044,False
110,O=C(c1ccc2cc(-c3cc4ccc(-c5ccccc5)cc4n3CC3CC3)oc2c1)N1CCCCC1,5,0,10,0.0,1.0,5.654,5.486,1.163,0.448,2.486,7.025,False
111,O=C(c1ccc2[nH]c(-c3cccnc3CC3CC3)nc2c1)N1C[C@H]2CC[C@@H]1C2,5,0,10,0.0,1.0,5.8,6.0,1.0,0.447,1.823,6.909,False
112,O=C(c1ccc2[nH]c(-c3cc4ccc(-c5ccc6[nH]c(=O)ccc6c5)nc4n3CC3CC3)nc2c1)N1CCCCC1,5,0,10,0.0,1.0,7.075,7.119,0.469,0.205,1.535,3.396,False
113,O=C(c1ccc2[nH]c(-c3cc4ccccc4n3CC3CC3)nc2c1)N1CC2CCC1C2,5,0,10,0.0,1.0,7.165,6.959,1.041,0.429,3.144,6.604,False
114,O=C(c1ccc2[nH]c(-c3cc4ccccc4[nH]3)nc2c1)N1CCCCC1,5,0,10,0.0,1.0,6.834,7.0,1.333,0.517,2.083,4.65,False
115,O=C(c1ccc2[nH]c(-c3cc4ccc(Nc5ccncc5)nc4n3CC3CC3)nc2c1)N1CCCCC1,5,0,10,0.0,1.0,7.153,7.114,0.592,0.222,1.424,3.915,False
116,O=C(c1ccc2[nH]c(-c3cc4ccc(-c5cn[nH]c5)cc4n3CC3CC3)nc2c1)N1CC2CCC1C2,5,0,10,0.0,1.0,6.904,6.936,0.332,0.146,0.836,1.476,False
117,O=C(c1ccc2[nH]c(-c3cc4ccc(CNC(=O)C56CC(C5)C6)nc4n3CC3CC3)nc2c1)N1CCCCN1,5,0,10,0.0,1.0,6.99,7.014,0.259,0.099,0.888,1.823,False
118,O=C(/C=C/c1ccccn1)c1c(-c2ccccc2)c2ccccc2[nH]c1=O,5,0,10,0.0,1.0,4.595,4.939,0.939,0.475,2.095,5.753,False
119,O=C1NCCc2cc3[nH]c(-c4cc5cccnc5[nH]4)nc3cc21,4,0,6,0.0,1.0,6.062,6.062,0.125,0.072,0.461,1.0,False
120,O=C(c1ccc2[nH]c(-c3cc4ccc(N5CCCC5=O)nc4n3CC3CC3)nc2c1)N1CCCCC1,4,0,6,0.0,1.0,6.15,6.102,0.586,0.284,1.651,2.996,False
121,O=C1NCc2ccc(-c3ccc4cc(-c5cc6ccc(C(=O)N7CCCCC7)cn6n5)n(CC5CC5)c4n3)cc21,4,0,6,0.0,1.0,6.293,6.403,0.572,0.266,1.207,3.064,False
122,O=C1NCc2ccc(-c3ccc4cc(-c5nc6cc(C(=O)N7CC8CCC7C8)ccc6[nH]5)n(CC5CC5)c4n3)cc21,4,0,6,0.0,1.0,7.587,7.595,0.684,0.323,1.972,3.447,False
123,O=C1CC(COc2nccc3cc(-c4cc5ccc(C(=O)N6CCCCC6)cn5n4)n(CC4CC4)c23)CN1,4,0,6,0.0,1.0,7.331,7.305,0.335,0.144,0.924,1.791,False
124,O=C1CCc2cc(-c3ccc4cc(-c5nc6cc(C(=O)N7CC8CCC7C8)ccc6[nH]5)n(CC5CC5)c4c3)ccc2N1,4,0,6,0.0,1.0,7.324,7.382,0.403,0.177,0.805,1.418,False
125,O=C1NCCC2C=c3[nH]c(C4Cc5ccccc5N4CC4CC4)nc3=CC12,4,0,6,0.0,1.0,6.185,6.016,0.707,0.349,1.053,2.312,False
126,O=C1C2=CC3C(=O)C=CC[C@@H]3C[C@@H]2Cc2ccccc21,4,0,6,0.0,1.0,3.345,3.158,0.934,0.441,3.624,3.624,False
127,O=C1CC(=O)C2C(=O)C3C(=O)c4ccccc4C[C@H]3C[C@H]2C1,4,0,6,0.0,1.0,3.345,3.158,0.934,0.441,1.918,3.513,False
128,O=C(NCc1ccc2cc(-c3nc4cc(C(=O)N5CCCCN5)ccc4[nH]3)n(CC3CC3)c2n1)c1cccnc1,4,0,6,0.0,1.0,7.077,7.068,0.169,0.073,0.506,0.847,False
129,O=C(NCc1ccc2cc(-c3nc4cc(C(=O)N5CCCCN5)ccc4[nH]3)n(CC3CC3)c2n1)c1ncccn1,4,0,6,0.0,1.0,7.088,7.054,0.837,0.349,2.988,4.419,False
130,O=C(c1ccn2cc(-c3cc4ccccc4n3Cc3ccncc3)nc2c1)N1CCCCC1,4,0,6,0.0,1.0,5.688,5.877,1.0,0.473,2.723,5.571,False
131,O=C(c1ccc2[nH]c(-c3cc4ccc(N5CCCCC5)cc4n3CC3CC3)nc2c1)N1CC2CCC1C2,4,0,6,0.0,1.0,7.425,7.32,0.587,0.27,1.797,3.516,False
132,O=C(/C=C/c1ccccn1)C1C(=O)NC2CCCCC2C1c1ccccc1,4,0,6,0.0,1.0,4.704,4.939,0.939,0.47,2.019,6.34,True
133,O=C(/C=C/c1cccnc1)C1C(=O)NC2NCCCC2C1c1ccccc1,4,0,6,0.0,1.0,4.939,4.939,0.0,0.0,0.0,0.0,True
134,O=C(c1ccc2cc(-c3cc4ccc(-c5ccc6[nH]c(=O)ccc6c5)cc4n3CC3CC3)nn2c1)N1CCCCC1,4,0,6,0.0,1.0,7.099,7.126,0.301,0.129,0.785,1.914,False
135,O=C(c1ccc2c(c1)nc1n2Cc2cccc(c2)-c2ccccc2CCCCn2c-1cc1cccnc12)N1CCCCC1,4,0,6,0.0,1.0,7.339,7.358,0.715,0.318,2.889,4.381,False
136,O=C(c1ccc2cc(-c3cc4ccc(-c5ccc6[nH]ncc6c5)nc4n3CC3CC3)nn2c1)N1CCCCC1,4,0,6,0.0,1.0,6.112,6.013,1.288,0.623,3.352,6.821,False
137,O=C(c1ccc2c(c1)nc(-c1cccn1CC1CC1)n2CC1CCC1)N1C[C@H]2CC[C@@H]1C2,4,0,6,0.0,1.0,5.761,5.761,0.0,0.0,0.0,0.0,True
138,O=C(c1ccc2c(c1)nc(-c1cc3cccnc3n1CC1CC1)n2C1CC1)N1[C@H]2CC[C@@H]1CC2,4,0,6,0.0,1.0,7.251,7.262,0.694,0.289,2.084,3.02,False
139,O=C(N[C@@H]1CCNC1)c1ccc2[nH]c(-c3cc4cccnc4n3CC3CC3)nc2c1,4,0,6,0.0,1.0,5.285,5.213,1.905,0.801,6.232,11.075,False
140,O=C(c1ccc2[nH]c(-c3cc4scc(-c5cn[nH]c5)c4n3CC3CC3)nc2c1)N1C[C@H]2CC[C@@H]1C2,4,0,6,0.0,1.0,7.437,7.374,0.54,0.242,1.733,3.474,False
141,O=C(c1ccc2cc(-c3cc4ccc(-c5ccccc5)cc4n3CC3CC3)sc2c1)N1CC2CCC1C2,4,0,6,0.0,1.0,5.967,6.06,1.022,0.472,3.003,5.135,False
142,O=C(c1ccc2[nH]c(-c3cc4ccc(-c5ccc(=O)[nH]c5)nc4n3CC3CC3)nc2c1)N1CC2CCC1C2,4,0,6,0.0,1.0,7.065,7.103,0.586,0.244,1.566,2.773,False
143,O=C(c1ccc2[nH]c(-c3cc4scc(C5CCC5)c4n3CC3CC3)nc2c1)N1C[C@H]2CC[C@@H]1C2,4,0,6,0.0,1.0,7.406,7.408,0.635,0.259,2.976,4.498,False
144,O=C(c1ccc2cc(-c3cc4ccc(N5CCCCC5)cc4n3CC3CC3)oc2c1)N1CC2CCC1C2,4,0,6,0.0,1.0,6.709,6.617,1.797,0.936,6.813,14.377,False
145,O=C(c1ccc2[nH]c(-c3cc4ccc(Nc5ccncn5)nc4n3CC3CC3)nc2c1)N1CC2CCC1C2,4,0,6,0.0,1.0,6.878,6.877,0.069,0.035,0.299,0.651,False
146,O=C(c1ccc2[nH]c(-c3cc4ccc(-c5cccnc5-c5cncs5)nc4n3CC3CC3)nc2c1)N1CCCCC1,4,0,6,0.0,1.0,6.659,6.675,0.459,0.242,0.847,1.549,False
147,O=C(c1ccc2[nH]c(-c3cc4ccc(-c5cccnc5)cc4n3CC3CC3)nc2c1)N1CCCCC1,4,0,6,0.0,1.0,7.261,7.25,0.444,0.241,1.511,2.856,False
148,O=C(c1ccc2[nH]c(-c3cc4ccc(NC5CC5)nc4n3CC3CC3)nc2c1)N1CCCCC1,4,0,6,0.0,1.0,6.892,6.996,0.53,0.249,1.371,3.075,False
149,O=C(c1ccc2cc(-c3cc4ccnc(OCCn5cnnc5)c4n3CC3CC3)nn2c1)N1CCCCC1,4,0,6,0.0,1.0,7.305,7.46,1.097,0.485,2.58,4.767,False
150,O=C(c1ccc2cc(-c3cc4cccc(OCCn5cncn5)c4n3CC3CC3)nn2c1)N1CCCCC1,4,0,6,0.0,1.0,7.492,7.523,0.477,0.198,1.176,1.786,False
151,O=C(c1ccc2cc(-c3cc4cccc(OCCn5cccn5)c4n3CC3CC3)nn2c1)N1CCCCC1,4,1,6,0.16667,0.83333,6.829,6.761,2.207,0.925,5.686,12.551,False
152,O=C(c1ccc2[nH]c(-c3cc4ccc(-c5ccc6[nH]ccc(=O)c6c5)cc4n3CC3CC3)nc2c1)N1CC2CCC1C2,4,0,6,0.0,1.0,7.334,7.421,0.822,0.36,2.234,3.836,False
153,O=C(/C=C/c1cccnc1)c1c(-c2ccccc2)c2cccnc2[nH]c1=O,4,0,6,0.0,1.0,4.939,4.939,0.0,0.0,0.0,0.0,False
154,O=C(/C=C/c1nc2ccccc2[nH]1)c1c(-c2ccccc2)c2ccccc2[nH]c1=O,4,0,6,0.0,1.0,4.116,4.155,0.155,0.077,0.263,0.552,False
155,O=C1NCc2cc(-c3ccc4cc(-c5cc6ccc(C(=O)N7CCCCC7)cn6n5)n(CC5CC5)c4n3)ccc21,4,0,6,0.0,1.0,6.344,6.354,1.205,0.495,2.48,4.419,False
156,O=C(c1ccn2cc(-c3cc4ccccc4n3Cc3cccnc3)nc2c1)N1CCCCC1,3,0,3,0.0,1.0,5.918,6.0,0.247,0.142,1.005,1.604,False
157,O=C(NCc1ccc2cc(-c3nc4cc(C(=O)N5[C@H]6CC[C@@H]5CC6)ccc4[nH]3)n(CC3CC3)c2n1)c1ccccc1,3,0,3,0.0,1.0,7.072,6.86,0.737,0.412,3.718,6.043,False
158,O=C(NCc1ccc2cc(-c3nc4cc(C(=O)N5CC[C@H]6CC[C@@H]5C6)ccc4n3C3CC3)n(CC3CC3)c2n1)C1CC1,3,0,3,0.0,1.0,7.226,7.274,0.255,0.134,1.159,1.301,True
159,O=C(c1ccc2[nH]c(-c3cc4ccc(C5CCC5)nc4n3CC3CC3)nc2c1)N1CC2CCC1C2,3,0,3,0.0,1.0,7.114,7.066,0.421,0.215,1.838,3.138,False
160,O=C1C=CC(=O)c2ncccc21,3,0,3,0.0,1.0,5.911,6.0,0.77,0.393,0.0,0.0,False
161,O=C1CC(COc2cccc3cc(-c4nc5cc6c(cc5[nH]4)CCNC6=O)n(CC4CC4)c23)CN1,3,0,3,0.0,1.0,6.598,6.707,0.44,0.239,1.159,1.835,False
162,O=C1NCc2cc(-c3ccc4cc(-c5cc6ccc(C(=O)N7CC8CCC7C8)cn6n5)n(CC5CC5)c4n3)ccc21,3,0,3,0.0,1.0,7.625,7.569,0.786,0.396,2.984,4.254,False
163,O=C1NCc2ccc(-c3ccc4cc(-c5cc6ccc(C(=O)N7CC8CCC7C8)cn6n5)n(CC5CC5)c4n3)cc21,3,0,3,0.0,1.0,7.404,7.387,0.38,0.191,1.381,1.881,False
164,O=C1CCCN1c1ccc(-c2ccc3cc(-c4nc5cc(C(=O)N6CC7CCC6C7)ccc5[nH]4)n(CC4CC4)c3n2)cn1,3,0,3,0.0,1.0,7.232,7.027,0.979,0.521,3.307,6.715,False
165,O=C(c1ccc2[nH]c(-c3cc4ccc(N5CCC5)cc4n3CC3CC3)nc2c1)N1CC2CCC1C2,3,0,3,0.0,1.0,6.582,6.577,0.63,0.315,2.741,3.828,False
166,O=C(c1ccc2[nH]c(-c3cc4ccc(CNC(=O)C5(c6ccccc6)CC5)nc4n3CC3CC3)nc2c1)N1CCCCN1,3,0,3,0.0,1.0,6.06,6.318,1.076,0.583,5.875,9.39,False
167,O=C1Cc2cccc(-c3ccc4cc(-c5nc6cc(C(=O)N7CC8CCC7C8)ccc6[nH]5)n(CC5CC5)c4n3)c2N1,3,0,3,0.0,1.0,7.306,7.432,1.002,0.513,3.62,5.458,False
168,O=C1NCCc2cc3[nH]c(-c4cc5ccccc5n4Cc4ncco4)nc3cc21,3,0,3,0.0,1.0,6.646,6.707,0.184,0.106,0.641,0.99,False
169,O=C1c2cc3nc(-c4cc5ccccc5n4CC4CC4)[nH]c3cc2CCN1C[C@H]1COCCN1,3,0,3,0.0,1.0,6.324,6.224,0.298,0.172,0.649,1.298,False
170,O=C1NCc2ccc(-c3ccc4cc(-c5nc6cc(C(=O)N7CCCCC7)ccc6[nH]5)n(CC5CC5)c4n3)cc21,3,0,3,0.0,1.0,7.108,6.91,0.602,0.347,1.876,2.979,False
171,O=C(/C=C/C1CC1)c1c(-c2ccccc2)c2ccccc2[nH]c1=O,3,0,3,0.0,1.0,4.416,4.155,0.784,0.453,3.268,3.268,False
172,O=C(c1ccc2[nH]c(-c3cc4ccc(N5CCCCC5)nc4n3CC3CC3)nc2c1)N1CC2CCC1C2,3,0,3,0.0,1.0,6.667,6.879,0.794,0.438,2.669,4.418,False
173,O=C1C=CC2C=C(c3ccc4cc(-c5nc6cc(C(=O)N7CCCCC7)ccc6[nH]5)n(CC5CC5)c4n3)C=CC2=N1,3,0,3,0.0,1.0,7.086,7.119,0.333,0.169,0.99,1.324,True
174,O=C(NCc1ccc2cc(-c3nc4cc(C(=O)N5CC[C@@H]6CC[C@H]5C6)ccc4[nH]3)n(CC3CC3)c2n1)C1CCC1,3,0,3,0.0,1.0,7.045,7.054,0.089,0.045,0.353,0.497,False
175,O=C(NCc1ccc2cc(-c3nc4cc(C(=O)N5CC[C@@H]6CC[C@H]5C6)ccc4n3C3CC3)n(CC3CC3)c2n1)C1CC1,3,0,3,0.0,1.0,7.226,7.274,0.255,0.134,1.159,1.301,False
176,O=C(c1ccc2cc(-c3cc4ccc(N5CCC5)nc4n3CC3CC3)nn2c1)N1CC2CCC1C2,3,0,3,0.0,1.0,6.864,6.788,0.457,0.238,1.732,2.372,False
177,O=C(c1ccc2[nH]c(-c3cc4ccc(-c5ccccn5)nc4n3CC3CC3)nc2c1)N1CCCCC1,3,0,3,0.0,1.0,7.09,7.155,0.42,0.217,1.297,1.86,False
178,O=C(c1ccc2[nH]c(-c3cc4ccc(NS(=O)(=O)C5CC5)nc4n3CC3CC3)nc2c1)N1CCCCC1,3,0,3,0.0,1.0,6.947,7.033,0.365,0.197,1.625,2.615,False
179,O=C(c1ccc2[nH]c(-c3cc4ccc(Nc5cncnc5)nc4n3CC3CC3)nc2c1)N1CC2CCC1C2,3,0,3,0.0,1.0,7.051,6.951,0.512,0.27,2.965,5.567,False
180,O=C(c1ccc2cc(-c3cc4cccnc4n3CC3CC3)oc2c1)N1CCCCC1,3,0,3,0.0,1.0,6.272,6.105,0.67,0.365,1.764,2.856,False
181,O=C(NCc1ccc2cc(-c3nc4cc(C(=O)N5CC[C@H]6CC[C@@H]5C6)ccc4[nH]3)n(CC3CC3)c2n1)C1CCC1,3,0,3,0.0,1.0,7.045,7.054,0.089,0.045,0.353,0.497,True
182,O=C(c1ccc2[nH]c(-c3cc4ccc(C5CNC5)nc4n3CC3CC3)nc2c1)N1CCCCC1,3,0,3,0.0,1.0,7.046,6.866,0.718,0.391,3.66,5.725,False
183,O=C(c1ccc2cc(-c3cc4ccccc4n3CC3CC3)nn2c1)N1CCCCC1,3,0,3,0.0,1.0,6.825,6.513,1.747,0.914,7.043,12.069,False
184,O=C(c1ccc2cc(-c3cc4ccc(-c5ccn6cnnc6c5)nc4n3CC3CC3)nn2c1)N1CC2CCC1C2,3,0,3,0.0,1.0,7.36,7.432,1.0,0.504,3.715,5.294,False
185,O=C(c1ccc2cc(-c3cc4ccc(-c5ccn6cnnc6c5)cc4n3CC3CC3)nn2c1)N1CCCCC1,3,0,3,0.0,1.0,6.994,7.0,0.391,0.196,1.207,1.934,False
186,O=C(c1ccc2cc(-c3cc4ccc(-c5cccnc5)nc4n3CC3CC3)nn2c1)N1CC2CCC1C2,3,0,3,0.0,1.0,7.485,7.301,0.845,0.452,2.353,4.424,False
187,O=C(c1ccc2cc(-c3cc4ccc(-c5cccnc5)cc4n3CC3CC3)nn2c1)N1CCCCC1,3,0,3,0.0,1.0,6.967,6.854,0.556,0.295,1.743,3.375,False
188,O=C(c1ccc2cc(-c3cc4ccc(-c5ccccc5)nc4n3CC3CC3)sc2c1)N1CC2CCC1C2,3,0,3,0.0,1.0,6.572,6.674,0.738,0.379,2.974,5.532,False
189,O=C(c1ccc2[nH]c(-c3ccc(-c4ccccc4)n3CC3CC3)nc2c1)N1CCCCC1,3,0,3,0.0,1.0,5.285,5.0,0.854,0.493,3.986,3.986,False
190,O=C(c1ccc2[nH]c(-c3cc4sccc4n3CC3CC3)nc2c1)N1CCCCC1,3,0,3,0.0,1.0,7.154,7.174,0.156,0.08,0.521,0.736,False
191,O=C(c1ccc2[nH]c(-c3cc4cccnc4n3CC3CC3)nc2c1)N1CC2CCC1C2,3,0,3,0.0,1.0,7.532,7.495,0.138,0.076,0.535,0.897,False
192,O=C(c1ccc2[nH]c(-c3cc4ccc(-c5ccc(N6CCCC6=O)nc5)nc4n3CC3CC3)nc2c1)N1CCCCC1,3,0,3,0.0,1.0,7.091,6.863,0.727,0.414,2.497,5.037,False
193,O=C(c1ccc2[nH]c(-c3cc4cccnc4n3CC3CC3)nc2c1)N1[C@@H]2CCC[C@H]1CC2,3,0,3,0.0,1.0,6.483,6.913,1.777,0.964,10.61,18.662,False
194,O=C(c1ccc2cc(-c3cc4ccnc(OCCn5cncn5)c4n3CC3CC3)nn2c1)N1CCCCC1,3,0,3,0.0,1.0,6.949,6.959,1.156,0.578,3.85,6.258,False
195,O=C(c1ccc2c(c1)nc(-c1cc3ccc(CNC(=O)C45CC(C4)C5)nc3n1CC1CC1)n2C1CC1)N1CC[C@H]2CC[C@@H]1C2,3,0,3,0.0,1.0,7.039,7.105,0.2,0.115,0.791,1.501,True
196,O=C(c1ccc2[nH]c(-c3cccn3Cc3ccccc3)nc2c1)N1CCCCC1,3,0,3,0.0,1.0,5.064,5.0,0.191,0.11,0.599,0.982,False
197,O=C(c1ccc2cc(-c3cc4ccc(C5CC5)nc4n3CC3CC3)nn2c1)N1CC2CCC1C2,3,0,3,0.0,1.0,7.408,7.495,0.587,0.303,1.9,2.659,False
198,O=C(c1ccc2[nH]c(-c3cccc(=O)n3CC3CC3)nc2c1)N1C[C@H]2CC[C@@H]1C2,3,0,3,0.0,1.0,6.0,6.0,0.0,0.0,0.0,0.0,False
199,O=C(c1ccc2[nH]c(-c3ccc(Cc4ccccc4)n3CC3CC3)nc2c1)N1CCCCC1,3,0,3,0.0,1.0,5.626,5.523,0.485,0.258,1.199,1.99,False
200,O=C(c1ccc2c(c1)nc(-c1cc3cccnc3n1CC1CC1)n2CC1CC1)N1CCCCC1,3,0,3,0.0,1.0,6.764,6.903,0.424,0.244,0.94,1.753,False
201,O=C(c1ccc2c(c1)nc(-c1cc3ccccc3n1CC1CC1)n2Cc1cn[nH]c1)N1CC2CCC1C2,3,0,3,0.0,1.0,7.253,7.319,0.498,0.255,2.391,3.443,False
202,O=C(c1ccc2[nH]c(-c3cc4ccc(-c5ccc6c(c5)CCC6)nc4n3CC3CC3)nc2c1)N1CC2CCC1C2,3,0,3,0.0,1.0,6.789,6.712,0.254,0.143,0.943,1.697,False
203,O=C(c1ccc2[nH]c(-c3cc4ccc(-c5ccc6ncccc6c5)cc4n3CC3CC3)nc2c1)N1CC2CCC1C2,3,0,3,0.0,1.0,7.376,7.215,1.179,0.606,4.291,6.56,False
204,O=C(c1ccc2[nH]c(-c3cc4ccc(-c5ccc6[nH]ccc6c5)nc4n3CC3CC3)nc2c1)N1CC2CCC1C2,3,0,3,0.0,1.0,6.994,6.971,0.351,0.176,1.329,1.585,False
205,O=C(c1ccc2[nH]c(-c3cnc(-c4ccccc4)n3CC3CC3)nc2c1)N1C[C@H]2CC[C@@H]1C2,3,0,3,0.0,1.0,6.0,6.0,0.0,0.0,0.0,0.0,False
206,O=C(c1ccc2c(c1)nc(-c1cc3ccc(CNC(=O)C45CC(C4)C5)nc3n1CC1CC1)n2C1CC1)N1CC[C@@H]2CC[C@H]1C2,3,0,3,0.0,1.0,7.039,7.105,0.2,0.115,0.791,1.501,False
207,O=C(c1ccc2c(c1)nc1n2Cc2cccc(c2)-c2ccccc2CCCCn2c-1cc1cccnc12)N1CC2CCC1C2,3,0,3,0.0,1.0,7.186,7.229,0.292,0.151,1.289,1.789,False
208,O=C(/C=C/c1ccc(=O)[nH]c1)c1c(-c2ccccc2)c2ccccc2[nH]c1=O,3,0,3,0.0,1.0,5.234,4.939,0.885,0.511,1.203,2.406,False
209,,3,0,3,0.0,1.0,3.546,3.0,3.638,1.88,0.0,0.0,False
210,O=C(/C=C/c1cncnc1)C1C(=O)NC2NCCCC2C1c1ccccc1,3,0,3,0.0,1.0,4.678,4.939,0.784,0.453,1.801,2.702,True
211,O=C1NCCN1c1ccccc1-c1ccc2cc(-c3cc4ccc(C(=O)N5CC6CCC5C6)cn4n3)n(CC3CC3)c2n1,3,0,3,0.0,1.0,7.122,7.222,0.301,0.174,1.062,1.665,False
212,O=C(/C=C/c1cncnc1)c1c(-c2ccccc2)c2cccnc2[nH]c1=O,3,0,3,0.0,1.0,4.678,4.939,0.784,0.453,2.039,3.138,False
213,O=C(CNC(=O)c1ccc2nonc2c1)NCc1ccccc1,3,0,3,0.0,1.0,5.678,5.693,0.081,0.042,0.261,0.36,False
214,O=C(NCCc1ccccc1)c1ccccc1,3,0,3,0.0,1.0,3.339,3.509,0.509,0.294,1.214,2.173,False
215,O=C1NCCc2cc3[nH]c(-c4cc5ccccc5n4Cc4ccco4)nc3cc21,3,0,3,0.0,1.0,6.768,6.523,0.737,0.425,2.743,4.817,False
216,O=C(Cn1cccn1)NCc1ccc2cc(-c3nc4cc(C(=O)N5[C@H]6CC[C@@H]5CC6)ccc4[nH]3)n(CC3CC3)c2n1,2,0,1,0.0,1.0,7.191,7.191,0.31,0.219,1.767,1.767,False
217,O=C(CNC(=O)c1cc2c([nH]c3ccccc32)c(-c2nc3ccccc3[nH]2)n1)NCc1ccccc1,2,0,1,0.0,1.0,5.016,5.016,0.032,0.022,0.134,0.134,False
218,O=C(CNC(=O)c1c[nH]c2ccccc12)NCc1ccccc1,2,0,1,0.0,1.0,6.073,6.073,0.164,0.116,0.951,0.951,False
219,O=C(C1C=CC2CC(C3=CC4CC=CN=C4N3CC3CC3)=NN2C1)N1CCCCC1,2,0,1,0.0,1.0,6.203,6.203,0.296,0.209,1.376,1.376,False
220,O=C1NCCc2cc3[nH]c(-c4cc5cccc(OCc6nnco6)c5n4CC4CC4)nc3cc21,2,0,1,0.0,1.0,6.523,6.523,0.0,0.0,0.0,0.0,False
221,O=C1NCCc2cc3[nH]c(-c4cc5cccc(OCc6ccno6)c5n4CC4CC4)nc3cc21,2,0,1,0.0,1.0,6.523,6.523,0.0,0.0,0.0,0.0,False
222,O=C1NCCc2cc3[nH]c(-c4cc5cccc(OCCn6cnnn6)c5n4CC4CC4)nc3cc21,2,0,1,0.0,1.0,7.722,7.722,0.555,0.393,,,False
223,O=C1NCCc2cc3[nH]c(-c4cc5cccc(OCCn6cnnc6)c5n4CC4CC4)nc3cc21,2,0,1,0.0,1.0,6.891,6.891,0.737,0.521,4.684,4.684,False
224,O=C1NCCc2cc3[nH]c(-c4cc5cccc(OCCc6cnoc6)c5n4CC4CC4)nc3cc21,2,0,1,0.0,1.0,7.722,7.722,0.555,0.393,,,False
225,O=C1NCc2ccc(-c3ccc4cc(-c5cc6ccc(C(=O)N7CC8CCC7C8)cc6o5)n(CC5CC5)c4c3)cc21,2,0,1,0.0,1.0,6.945,6.945,0.433,0.306,2.074,2.074,False
226,O=C1NCc2cc(-c3ccc4cc(-c5nc6cc(C(=O)N7CC8CCC7C8)ccc6[nH]5)n(CC5CC5)c4n3)ccc2N1,2,0,1,0.0,1.0,7.352,7.352,0.049,0.035,0.309,0.309,False
227,O=C1NCc2cc(-c3ccc4cc(-c5nc6cc(C(=O)N7CC8CCC7C8)ccc6[nH]5)n(CC5CC5)c4n3)ccc21,2,0,1,0.0,1.0,7.759,7.759,0.075,0.053,0.421,0.421,False
228,O=C1NCc2cc(-c3ccc4cc(-c5nc6cc(C(=O)N7CC8CCC7C8)ccc6[nH]5)n(CC5CC5)c4c3)ccc2N1,2,0,1,0.0,1.0,7.554,7.554,0.062,0.044,0.381,0.381,False
229,O=C1NCc2cc(-c3ccc4cc(-c5nc6cc(C(=O)N7CC8CCC7C8)ccc6[nH]5)n(CC5CC5)c4c3)ccc21,2,0,1,0.0,1.0,7.62,7.62,0.25,0.177,1.549,1.549,False
230,O=C(/C=C/c1cnc[nH]1)C1C(=O)NC2CCCCC2C1c1ccccc1,2,0,1,0.0,1.0,4.547,4.547,0.784,0.555,2.658,2.658,True
231,O=C(/C=C/c1ccccn1)c1cnc2ccccc2c1-c1ccccc1,2,0,1,0.0,1.0,4.155,4.155,0.0,0.0,0.0,0.0,False
232,O=C(/C=C/c1ccccc1)c1cc2ccccc2[nH]c1=O,2,0,1,0.0,1.0,4.155,4.155,0.0,0.0,0.0,0.0,False
233,O=C(/C=C/c1ccccc1)C1CC2CCCCC2NC1=O,2,0,1,0.0,1.0,4.155,4.155,0.0,0.0,0.0,0.0,True
234,O=C(/C=C/c1c[nH]cn1)c1c(-c2ccccc2)c2ccccc2[nH]c1=O,2,0,1,0.0,1.0,4.547,4.547,0.784,0.555,2.44,2.44,False
235,O=C(c1ccc2cc(-c3cc4ccc(-c5ccc6[nH]ncc6c5)cc4n3CC3CC3)nn2c1)N1CCCCC1,2,0,1,0.0,1.0,6.298,6.298,0.078,0.055,0.372,0.372,False
236,O=C(c1ccc2cc(-c3cc4ccc(-c5ccc6[nH]c(=O)ccc6c5)nc4n3CC3CC3)nn2c1)N1CCCCC1,2,0,1,0.0,1.0,7.09,7.09,0.263,0.186,1.711,1.711,False
237,O=C(c1ccc2c(c1)nc1n2Cc2cnn(c2)CCCCCCn2c-1cc1cccnc12)N1CCCCC1,2,0,1,0.0,1.0,5.642,5.642,1.831,1.295,10.619,10.619,False
238,O=C(c1ccc2c(c1)nc1n2Cc2cnn(c2)CCCCCCn2c-1cc1ccccc12)N1CC2CCC1C2,2,0,1,0.0,1.0,7.17,7.17,0.607,0.429,2.235,2.235,False
239,O=C(c1ccc2c(c1)nc1n2Cc2cncc(c2)-c2ccccc2CCCCn2c-1cc1cccnc12)N1CCCCC1,2,0,1,0.0,1.0,8.247,8.247,0.301,0.213,1.672,1.672,False
240,O=C(c1ccc2c(c1)nc1n2Cc2cccc(c2)CCCCCCn2c-1cc1cccnc12)N1C[C@H]2CC[C@@H]1C2,2,0,1,0.0,1.0,7.293,7.293,0.109,0.077,0.607,0.607,False
241,O=C(c1ccc2c(c1)nc(-c1cccn1CC1CC1)n2Cc1ccccn1)N1C[C@H]2CC[C@@H]1C2,2,0,1,0.0,1.0,5.0,5.0,0.0,0.0,,,False
242,O=C(c1ccc2c(c1)nc(-c1cc3cccnc3n1CC1CC1)n2C1CC1)N1[C@@H]2CCC[C@H]1CC2,2,0,1,0.0,1.0,7.14,7.14,0.603,0.426,2.791,2.791,False
243,O=C(c1ccc2c(c1)nc(-c1cc3cccnc3n1CC1CC1)n2C1CC1)N1C[C@H]2CC[C@@H]1C2,2,1,1,1.0,0.0,6.037,6.037,2.021,1.429,13.372,13.372,False
244,O=C(c1ccc2[nH]c(-c3cc4ccc(-c5cccc6ncccc56)cc4n3CC3CC3)nc2c1)N1CC2CCC1C2,2,0,1,0.0,1.0,7.133,7.133,0.301,0.213,2.084,2.084,False
245,O=C(c1ccc2[nH]c(-c3cc4ccc(-c5ccc6c(c5)CCO6)nc4n3CC3CC3)nc2c1)N1CCCCC1,2,0,1,0.0,1.0,6.895,6.895,0.031,0.022,0.164,0.164,False
246,O=C(c1ccc2[nH]c(-c3cc4ccc(-c5ccc6c(c5)CCO6)nc4n3CC3CC3)nc2c1)N1CC2CCC1C2,2,0,1,0.0,1.0,7.162,7.162,0.297,0.21,1.64,1.64,False
247,O=C(c1ccc2[nH]c(-c3cc4ccc(-c5ccc6c(c5)CCC6)nc4n3CC3CC3)nc2c1)N1CCCCC1,2,0,1,0.0,1.0,6.678,6.678,0.124,0.088,0.876,0.876,False
248,O=C(c1ccc2[nH]c(-c3cc4ccc(-c5ccc6c(=O)[nH]ccc6c5)nc4n3CC3CC3)nc2c1)N1CCCCC1,2,0,1,0.0,1.0,7.101,7.101,0.417,0.295,1.82,1.82,False
249,O=C(c1ccc2[nH]c(-c3cc4ccc(-c5ccc6[nH]ncc6c5)nc4n3CC3CC3)nc2c1)N1CCCCC1,2,0,1,0.0,1.0,5.871,5.871,0.01,0.007,0.056,0.056,False
250,O=C(c1ccc2[nH]c(-c3cc4ccc(-c5ccc6[nH]ccc(=O)c6c5)cc4n3CC3CC3)nc2c1)N1CCCCC1,2,0,1,0.0,1.0,6.866,6.866,0.242,0.171,1.697,1.697,False
251,O=C(c1ccc2cc(-c3cc4ccc(-c5cccc(-c6nn[nH]n6)c5)cc4n3CC3CC3)nn2c1)N1CCCCC1,2,0,1,0.0,1.0,5.458,5.458,0.19,0.135,0.962,0.962,False
252,O=C(c1ccc2cc(-c3cc4ccc(-c5ccc6cn[nH]c6c5)nc4n3CC3CC3)nn2c1)N1CCCCC1,2,0,1,0.0,1.0,5.611,5.611,1.574,1.113,9.024,9.024,False
253,O=C(c1ccc2cc(-c3cc4ccc(-c5ccc6cn[nH]c6c5)nc4n3CC3CC3)nn2c1)N1CC2CCC1C2,2,0,1,0.0,1.0,7.1,7.1,0.845,0.598,3.662,3.662,False
254,O=C(c1ccc2cc(-c3cc4ccc(-c5ccc6cn[nH]c6c5)cc4n3CC3CC3)nn2c1)N1CC2CCC1C2,2,0,1,0.0,1.0,7.261,7.261,0.875,0.619,4.427,4.427,False
255,O=C(c1ccc2c(c1)nc(-c1cc3ccc(N4CCCCS4(=O)=O)nc3n1CC1CC1)n2C1CC1)N1CCCCC1,2,0,1,0.0,1.0,7.455,7.455,0.184,0.13,0.872,0.872,False
256,O=C(c1ccc2[nH]c(-c3cnn(-c4ccccn4)c3)nc2c1)N1CCCCC1,2,0,1,0.0,1.0,5.0,5.0,0.0,0.0,0.0,0.0,False
257,O=C(c1ccc2[nH]c(-c3cnn(-c4ccccc4)c3C3CC3)nc2c1)N1CCCCC1,2,0,1,0.0,1.0,5.0,5.0,0.0,0.0,0.0,0.0,False
258,O=C(c1ccc2[nH]c(-c3cncn3CC3CC3)nc2c1)N1CCCCC1,2,0,1,0.0,1.0,5.0,5.0,0.0,0.0,0.0,0.0,False
259,O=C(c1ccc2[nH]c(-c3cn(CC4CC4)c(-c4ccccc4)n3)nc2c1)N1C[C@H]2CC[C@@H]1C2,2,0,1,0.0,1.0,5.0,5.0,0.0,0.0,0.0,0.0,False
260,O=C(c1ccc2[nH]c(-c3cn(CC4CC4)c(-c4ccccc4)n3)nc2c1)N1CCCCC1,2,0,1,0.0,1.0,5.0,5.0,0.0,0.0,0.0,0.0,False
261,O=C(c1ccc2[nH]c(-c3ccnn3CC3CC3)nc2c1)N1CCCCC1,2,0,1,0.0,1.0,5.0,5.0,0.0,0.0,0.0,0.0,False
262,O=C(c1ccc2[nH]c(-c3cccn3CCc3ccccc3)nc2c1)N1C[C@H]2CC[C@@H]1C2,2,0,1,0.0,1.0,6.0,6.0,0.0,0.0,,,False
263,O=C(c1ccc2[nH]c(-c3cccn3CC3CCC3)nc2c1)N1C[C@H]2CC[C@@H]1C2,2,0,1,0.0,1.0,6.0,6.0,0.0,0.0,,,True
264,O=C(c1ccc2[nH]c(-c3ccc[nH]3)nc2c1)N1C[C@H]2CC[C@@H]1C2,2,0,1,0.0,1.0,5.761,5.761,0.477,0.337,3.34,3.34,False
265,O=C(c1ccc2cc(-c3cc4ccc(C5CC5)cc4n3CC3CC3)oc2c1)N1CC2CCC1C2,2,0,1,0.0,1.0,6.286,6.286,0.952,0.673,4.01,4.01,False
266,O=C(c1ccc2cc(-c3cc4ccc(-c5ccncc5)nc4n3CC3CC3)nn2c1)N1CC2CCC1C2,2,0,1,0.0,1.0,7.085,7.085,0.178,0.126,1.133,1.133,False
267,O=C(c1ccc2cc(-c3cc4ccc(-c5ccn6cnnc6c5)nc4n3CC3CC3)nn2c1)N1CCCCC1,2,0,1,0.0,1.0,7.069,7.069,0.056,0.04,0.201,0.201,False
268,O=C(c1ccc2cc(-c3cc4ccc(-c5ccn6cnnc6c5)cc4n3CC3CC3)oc2c1)N1CC2CCC1C2,2,0,1,0.0,1.0,7.239,7.239,0.434,0.307,2.077,2.077,False
269,O=C(c1ccc2cc(-c3cc4ccc(-c5ccn6cnnc6c5)cc4n3CC3CC3)nn2c1)N1CC2CCC1C2,2,0,1,0.0,1.0,7.698,7.698,0.144,0.102,0.913,0.913,False
270,O=C(c1ccc2cc(-c3cc4ccc(-c5ccccc5)nc4n3CC3CC3)oc2c1)N1CC2CCC1C2,2,0,1,0.0,1.0,6.806,6.806,0.127,0.09,0.469,0.469,False
271,O=C(c1ccc2cc(-c3cc4ccc(-c5cccc6[nH]ncc56)nc4n3CC3CC3)nn2c1)N1CCCCC1,2,0,1,0.0,1.0,6.489,6.489,0.377,0.266,2.235,2.235,False
272,O=C(c1ccc2cc(-c3cc4ccc(-c5cccc6[nH]ncc56)cc4n3CC3CC3)nn2c1)N1CCCCC1,2,0,1,0.0,1.0,6.186,6.186,0.381,0.269,2.388,2.388,False
273,O=C(c1ccc2[nH]c(-c3cc4ccc(-c5cccc6ncccc56)nc4n3CC3CC3)nc2c1)N1CC2CCC1C2,2,0,1,0.0,1.0,7.717,7.717,0.158,0.111,1.091,1.091,False
274,O=C(c1ccc2[nH]c(-c3ccc(-c4ccccn4)n3CC3CC3)nc2c1)N1CCCCC1,2,0,1,0.0,1.0,5.678,5.678,0.485,0.343,1.99,1.99,False
275,O=C(c1ccc2[nH]c(-c3ccc(-c4ccccc4)[nH]3)nc2c1)N1CCCCC1,2,0,1,0.0,1.0,5.158,5.158,0.066,0.047,0.265,0.265,False
276,O=C(c1ccc2[nH]c(-c3cc4scc(C5CNC5)c4n3CC3CC3)nc2c1)N1C[C@H]2CC[C@@H]1C2,2,0,1,0.0,1.0,7.078,7.078,0.363,0.257,2.348,2.348,False
277,O=C(c1ccc2[nH]c(-c3cc4scc(C5CCNCC5)c4n3CC3CC3)nc2c1)N1C[C@H]2CC[C@@H]1C2,2,0,1,0.0,1.0,7.887,7.887,0.067,0.047,0.438,0.438,False
278,O=C(c1ccc2[nH]c(-c3cc4scc(-c5ccn[nH]5)c4n3CC3CC3)nc2c1)N1C[C@H]2CC[C@@H]1C2,2,0,1,0.0,1.0,7.448,7.448,0.344,0.243,1.701,1.701,False
279,O=C(c1ccc2[nH]c(-c3cc4scc(-c5ccccc5)c4n3CC3CC3)nc2c1)N1C[C@H]2CC[C@@H]1C2,2,0,1,0.0,1.0,7.027,7.027,0.405,0.287,3.006,3.006,False
280,O=C(c1ccc2[nH]c(-c3cc4scc(-c5ccc[nH]5)c4n3CC3CC3)nc2c1)N1C[C@H]2CC[C@@H]1C2,2,0,1,0.0,1.0,6.854,6.854,0.185,0.131,0.957,0.957,False
281,O=C(c1ccc2[nH]c(-c3cc4scc(-c5cc[nH]n5)c4n3CC3CC3)nc2c1)N1C[C@H]2CC[C@@H]1C2,2,0,1,0.0,1.0,7.293,7.293,0.051,0.036,0.405,0.405,False
282,O=C(c1ccc2[nH]c(-c3cc4cccnc4n3CC3CC3)nc2c1)N1CCCCN1,2,0,1,0.0,1.0,6.866,6.866,0.444,0.314,1.84,1.84,False
283,O=C(c1ccc2[nH]c(-c3cc4cccnc4n3CC3CC3)nc2c1)N1CCCC1,2,0,1,0.0,1.0,5.463,5.463,0.944,0.668,,,False
284,O=C(c1ccc2[nH]c(-c3cc4ccc(-c5cc[nH]n5)nc4n3CC3CC3)nc2c1)N1CC2CCC1C2,2,0,1,0.0,1.0,6.675,6.675,0.813,0.575,5.375,5.375,False
285,O=C(c1ccc2[nH]c(-c3cc4ccc(-c5cc[nH]c(=O)c5)nc4n3CC3CC3)nc2c1)N1CCCCC1,2,0,1,0.0,1.0,6.974,6.974,0.258,0.182,1.434,1.434,False
286,O=C(c1ccc2[nH]c(-c3cc4ccc(-c5cc[nH]c(=O)c5)nc4n3CC3CC3)nc2c1)N1CC2CCC1C2,2,0,1,0.0,1.0,7.144,7.144,0.509,0.36,2.797,2.797,False
287,O=C(c1ccc2[nH]c(-c3cc4ccc(-c5cc(=O)cc[nH]5)nc4n3CC3CC3)nc2c1)N1CC2CCC1C2,2,0,1,0.0,1.0,6.926,6.926,0.221,0.156,1.169,1.169,False
288,O=C(Nc1ccncc1)c1ccc2cc(-c3nc4cc(C(=O)N5CCCCC5)ccc4[nH]3)n(CC3CC3)c2n1,2,0,1,0.0,1.0,7.296,7.296,0.408,0.289,1.741,1.741,False
289,O=C(c1ccc2cc(-c3cc4ccc(N5CCCCC5)cc4n3CC3CC3)sc2c1)N1CC2CCC1C2,2,0,1,0.0,1.0,7.128,7.128,0.585,0.413,5.992,5.992,False
290,O=C(c1ccc2cc(-c3cc4ccc(N5CCC5)cc4n3CC3CC3)nn2c1)N1CC2CCC1C2,2,0,1,0.0,1.0,6.145,6.145,0.15,0.106,0.422,0.422,False
291,O=C(c1ccc2cc(-c3cc4ccc(N5CCC(N6CCOC6=O)CC5)cc4n3CC3CC3)nn2c1)N1CCCCC1,2,0,1,0.0,1.0,6.632,6.632,1.338,0.946,8.413,8.413,False
292,O=C(c1ccc2cc(-c3cc4ccc(N5CCC(N6CCCC6=O)CC5)cc4n3CC3CC3)nn2c1)N1CCCCC1,2,0,1,0.0,1.0,5.599,5.599,0.086,0.061,0.57,0.57,False
293,O=C(c1ccc2cc(-c3cc4ccc(N5CCC(C(=O)N6CCCC6)CC5)cc4n3CC3CC3)nn2c1)N1CCCCC1,2,0,1,0.0,1.0,7.111,7.111,1.176,0.832,7.939,7.939,False
294,O=C(c1ccc2cc(-c3cc4ccc(C5CC5)nc4n3CC3CC3)nn2c1)N1CCCCC1,2,0,1,0.0,1.0,6.441,6.441,0.667,0.472,4.004,4.004,False
295,O=C(c1ccc2[nH]c(-c3cc4ccc(-c5ccn[nH]5)cc4n3CC3CC3)nc2c1)N1CC2CCC1C2,2,0,1,0.0,1.0,6.943,6.943,0.14,0.099,0.678,0.678,False
296,O=C(c1ccc2[nH]c(-c3cc4ccc(-c5ccn6cnnc6c5)nc4n3CC3CC3)nc2c1)N1CC2CCC1C2,2,0,1,0.0,1.0,7.077,7.077,0.501,0.354,2.881,2.881,False
297,O=C(c1ccc2[nH]c(-c3cc4ccc(-c5cccnc5-c5ccccc5)nc4n3CC3CC3)nc2c1)N1CCCCC1,2,0,1,0.0,1.0,6.434,6.434,0.121,0.086,0.788,0.788,False
298,O=C(c1ccc2[nH]c(-c3cc4ccccc4n3CC3CC3)nc2c1)N1[C@H]2CC[C@@H]1CC2,2,0,1,0.0,1.0,7.523,7.523,0.121,0.086,0.397,0.397,False
299,O=C(c1ccc2[nH]c(-c3cc4ccc([C@H]5CCCN5)nc4n3CC3CC3)nc2c1)N1[C@H]2CC[C@@H]1CC2,2,0,1,0.0,1.0,7.375,7.375,0.12,0.085,0.961,0.961,False
300,O=C(c1ccc2[nH]c(-c3cc4ccc(Oc5ccncc5)nc4n3CC3CC3)nc2c1)N1CC2CCC1C2,2,0,1,0.0,1.0,6.58,6.58,0.2,0.141,1.507,1.507,False
301,O=C(c1ccc2[nH]c(-c3cc4ccc(Nc5ccncc5)cc4n3CC3CC3)nc2c1)N1CC2CCC1C2,2,0,1,0.0,1.0,7.182,7.182,0.523,0.37,2.477,2.477,False
302,O=C(c1ccc2[nH]c(-c3cc4ccc(NC5CCC5)nc4n3CC3CC3)nc2c1)N1CCCCC1,2,0,1,0.0,1.0,6.58,6.58,0.573,0.405,2.933,2.933,False
303,O=C(c1ccc2cc(-c3cc4ccccc4n3CC3CC3)sc2c1)N1CC2CCC1C2,2,0,1,0.0,1.0,6.906,6.906,0.205,0.145,1.396,1.396,False
304,O=C(c1ccc2cc(-c3cc4cccc(OCCn5ccnc5)c4n3CC3CC3)nn2c1)N1CCCCC1,2,0,1,0.0,1.0,7.46,7.46,0.477,0.337,2.831,2.831,False
305,O=C(c1ccc2cc(-c3cc4cccc(OCC5CNC5)c4n3CC3CC3)oc2c1)N1CCCCC1,2,0,1,0.0,1.0,6.382,6.382,0.351,0.248,2.805,2.805,False
306,O=C(c1ccc2cc(-c3cc4cccc(C5CNC5)c4n3CC3CCC3)nn2c1)N1CCCCC1,2,0,1,0.0,1.0,5.021,5.021,0.394,0.279,2.338,2.338,False
307,O=C(c1ccc2cc(-c3cc4cccc(C5CN(C(=O)C6CCCCO6)C5)c4n3CC3CC3)nn2c1)N1CCCCC1,2,0,1,0.0,1.0,6.278,6.278,0.614,0.434,3.774,3.774,False
308,O=C(c1ccc2cc(-c3cc4cccc(C5CN(C(=O)C6CCC6)C5)c4n3CC3CC3)nn2c1)N1CCCCC1,2,0,1,0.0,1.0,7.188,7.188,0.067,0.047,0.342,0.342,False
309,O=C(c1ccc2cc(-c3cc4cccc(C5CCN(C(=O)c6cccs6)CC5)c4n3CC3CC3)nn2c1)N1CCCCC1,2,0,1,0.0,1.0,6.95,6.95,0.41,0.29,2.49,2.49,False
310,O=C(c1ccc2cc(-c3cc4ccc(N5CCOCC5)nc4n3CC3CC3)nn2c1)N1CC2CCC1C2,2,0,1,0.0,1.0,6.531,6.531,0.044,0.031,0.218,0.218,False
311,O=C(c1ccc2[nH]c(-c3cc4ccc(-c5ccc(N6CCCCC6=O)cc5)nc4n3CC3CC3)nc2c1)N1CCCCC1,2,0,1,0.0,1.0,7.405,7.405,0.208,0.147,1.453,1.453,False
312,O=C(c1cnc2cc(-c3cc4ccc(-c5ccccc5)nc4n3CC3CC3)nn2c1)N1CC2CCC1C2,2,0,1,0.0,1.0,5.533,5.533,1.419,1.003,10.049,10.049,False
313,O=C(c1ccn2cc(-c3cc4ccccc4n3Cc3cncs3)nc2c1)N1CCCCC1,2,0,1,0.0,1.0,5.63,5.63,0.74,0.524,3.441,3.441,False
314,O=C(NCc1ccc2cc(-c3nc4cc(C(=O)N5[C@H]6CC[C@@H]5CC6)ccc4n3C3CC3)n(CC3CC3)c2c1)c1ccccc1,2,0,1,0.0,1.0,6.965,6.965,0.11,0.078,2.483,2.483,False
315,O=C(NCc1ccc2cc(-c3nc4cc(C(=O)N5[C@H]6CC[C@@H]5CC6)ccc4n3C3CC3)n(CC3CC3)c2c1)C1CC1,2,0,1,0.0,1.0,7.152,7.152,0.098,0.069,0.489,0.489,False
316,O=C(NCc1ccc2cc(-c3nc4cc(C(=O)N5[C@H]6CC[C@@H]5CC6)ccc4[nH]3)n(CC3CC3)c2n1)c1cn[nH]c1,2,0,1,0.0,1.0,7.356,7.356,0.515,0.365,4.358,4.358,False
317,O=C(NCc1ccc2cc(-c3nc4cc(C(=O)N5[C@H]6CC[C@@H]5CC6)ccc4[nH]3)n(CC3CC3)c2n1)N1CCCC1,2,0,1,0.0,1.0,7.599,7.599,0.268,0.19,2.033,2.033,False
318,O=C(NCc1ccc2cc(-c3nc4cc(C(=O)N5[C@H]6CC[C@@H]5CC6)ccc4[nH]3)n(CC3CC3)c2n1)N1CCC1,2,0,1,0.0,1.0,7.416,7.416,0.252,0.178,1.892,1.892,False
319,O=C(NCc1ccc2cc(-c3nc4cc(C(=O)N5[C@H]6CC[C@@H]5CC6)ccc4[nH]3)n(CC3CC3)c2n1)C1CC1,2,0,1,0.0,1.0,6.926,6.926,0.612,0.432,3.058,3.058,False
320,O=C(NCc1ccc2cc(-c3nc4cc(C(=O)N5CC[C@H]6CC[C@@H]5C6)ccc4n3C3CC3)n(CC3CC3)c2n1)c1cccnc1,2,0,1,0.0,1.0,7.001,7.001,0.093,0.065,0.662,0.662,True
321,O=C(NCc1ccc2cc(-c3nc4cc(C(=O)N5CC[C@H]6CC[C@@H]5C6)ccc4[nH]3)n(CC3CC3)c2n1)c1cncnc1,2,0,1,0.0,1.0,6.972,6.972,0.236,0.167,1.725,1.725,True
322,O=C(NCc1ccc2cc(-c3nc4cc(C(=O)N5CC[C@H]6CC[C@@H]5C6)ccc4[nH]3)n(CC3CC3)c2n1)c1cn[nH]c1,2,0,1,0.0,1.0,7.2,7.2,0.235,0.166,1.534,1.534,True
323,O=C(NCc1ccc2cc(-c3nc4cc(C(=O)N5CC[C@H]6CC[C@@H]5C6)ccc4[nH]3)n(CC3CC3)c2n1)c1ccncc1,2,0,1,0.0,1.0,7.097,7.097,0.067,0.047,0.487,0.487,True
324,O=C(c1ccc2[nH]c(-c3cc4ccc(C5CNC5)cc4n3CC3CC3)nc2c1)N1CC2CCC1C2,2,0,1,0.0,1.0,6.667,6.667,0.026,0.019,0.167,0.167,False
325,O=C(c1ccc2[nH]c(-c3cc4ccc(C5CCNCC5)cc4n3CC3CC3)nc2c1)N1CC2CCC1C2,2,0,1,0.0,1.0,7.251,7.251,0.192,0.136,1.24,1.24,False
326,O=C(c1ccc2[nH]c(-c3cc4ccc(-c5n[nH]c6ccccc56)nc4n3CC3CC3)nc2c1)N1CC2CCC1C2,2,0,1,0.0,1.0,6.655,6.655,1.31,0.926,4.517,4.517,False
327,O=C(c1ccc2[nH]c(-c3cc4ccc(-c5cncnc5)nc4n3CC3CC3)nc2c1)N1CCCCC1,2,0,1,0.0,1.0,6.881,6.881,0.292,0.206,1.854,1.854,False
328,O=C(c1ccc2[nH]c(-c3cc4ccc(-c5cncnc5)cc4n3CC3CC3)nc2c1)N1CC2CCC1C2,2,0,1,0.0,1.0,7.287,7.287,0.564,0.399,3.507,3.507,False
329,O=C(c1ccc2[nH]c(-c3cc4ccc(-c5ccncc5)nc4n3CC3CC3)nc2c1)N1CCCCC1,2,0,1,0.0,1.0,6.812,6.812,0.518,0.366,2.48,2.48,False
330,O=C(c1ccc2[nH]c(-c3cc4ccc(-c5ccncc5)cc4n3CC3CC3)nc2c1)N1CC2CCC1C2,2,0,1,0.0,1.0,6.913,6.913,0.246,0.174,1.442,1.442,False
331,O=C(c1ccc2[nH]c(-c3cc4ccc(-c5ccn[nH]5)nc4n3CC3CC3)nc2c1)N1CCCCC1,2,0,1,0.0,1.0,7.179,7.179,0.375,0.265,1.855,1.855,False
332,O=C(c1ccc2[nH]c(-c3cc4ccc(-c5ccn[nH]5)nc4n3CC3CC3)nc2c1)N1CC2CCC1C2,2,0,1,0.0,1.0,7.09,7.09,0.207,0.146,1.058,1.058,False
333,O=C(c1ccc2[nH]c(-c3cc4ccc(N5CCCNS5(=O)=O)nc4n3CC3CC3)nc2c1)N1CCCCC1,2,0,1,0.0,1.0,6.316,6.316,0.093,0.066,0.513,0.513,False
334,O=C(c1ccc2[nH]c(-c3cc4ccc(N5CCCCS5(=O)=O)nc4n3CC3CC3)nc2c1)N1CCCCC1,2,0,1,0.0,1.0,7.164,7.164,0.73,0.516,4.016,4.016,False
335,O=C(c1ccc2[nH]c(-c3cc4ccc(N5CCCCC5=O)nc4n3CC3CC3)nc2c1)N1CCCCC1,2,0,1,0.0,1.0,6.148,6.148,0.087,0.061,0.269,0.269,False
336,O=C(NCc1ccc2cc(-c3nc4cc(C(=O)N5CC[C@@H]6CC[C@H]5C6)ccc4[nH]3)n(CC3CC3)c2n1)c1cncnc1,2,0,1,0.0,1.0,6.972,6.972,0.236,0.167,1.725,1.725,False
337,O=C(NCc1ccc2cc(-c3nc4cc(C(=O)N5CC[C@@H]6CC[C@H]5C6)ccc4[nH]3)n(CC3CC3)c2n1)c1cn[nH]c1,2,0,1,0.0,1.0,7.2,7.2,0.235,0.166,1.534,1.534,False
338,O=C(NCc1ccc2cc(-c3nc4cc(C(=O)N5CC[C@@H]6CC[C@H]5C6)ccc4[nH]3)n(CC3CC3)c2n1)c1ccncc1,2,0,1,0.0,1.0,7.097,7.097,0.067,0.047,0.487,0.487,False
339,O=C(NCc1ccc2cc(-c3nc4cc(C(=O)N5CCCCN5)ccc4[nH]3)n(CC3CC3)c2n1)c1cn[nH]c1,2,0,1,0.0,1.0,7.247,7.247,0.147,0.104,1.232,1.232,False
340,O=C(NCc1ccc2cc(-c3nc4cc(C(=O)N5CCCCN5)ccc4[nH]3)n(CC3CC3)c2n1)c1ccccn1,2,0,1,0.0,1.0,6.747,6.747,0.221,0.156,1.465,1.465,False
341,O=C(NCc1ccc2cc(-c3nc4cc(C(=O)N5CCCCC5)ccc4[nH]3)n(CC3CC3)c2c1)c1cn[nH]c1,2,0,1,0.0,1.0,6.963,6.963,0.056,0.039,0.525,0.525,False
342,O=C1C=CC(=O)c2nc(-c3ccccn3)ccc21,2,0,1,0.0,1.0,6.407,6.407,0.426,0.301,1.128,1.128,False
343,O=C1NCC2(CCN(c3ccc4cc(-c5nc6cc(C(=O)N7CCCCC7)ccc6[nH]5)n(CC5CC5)c4c3)CC2)O1,2,0,1,0.0,1.0,7.057,7.057,0.301,0.213,1.825,1.825,False
344,O=C1NCC2(CCN(c3ccc4cc(-c5nc6cc(C(=O)N7CC8CCC7C8)ccc6[nH]5)n(CC5CC5)c4n3)CC2)O1,2,0,1,0.0,1.0,7.108,7.108,0.242,0.171,1.452,1.452,False
345,O=C1NCC2(CCN(c3ccc4cc(-c5nc6cc(C(=O)N7CC8CCC7C8)ccc6[nH]5)n(CC5CC5)c4c3)CC2)O1,2,0,1,0.0,1.0,7.248,7.248,0.16,0.113,0.962,0.962,False
346,O=C1Cc2cccc(-c3ccc4cc(-c5nc6cc(C(=O)N7CCCCC7)ccc6[nH]5)n(CC5CC5)c4n3)c2N1,2,0,1,0.0,1.0,6.542,6.542,1.609,1.138,4.415,4.415,False
347,O=C1COCCN1c1ccc2cc(-c3cc4ccc(C(=O)N5CC6CCC5C6)cn4n3)n(CC3CC3)c2n1,2,0,1,0.0,1.0,7.301,7.301,0.0,0.0,0.0,0.0,False
348,O=C1CCc2cc(-c3ccc4cc(-c5nc6cc(C(=O)N7C[C@H]8CC[C@@H]7C8)ccc6[nH]5)n(CC5CC5)c4n3)ccc2N1,2,0,1,0.0,1.0,7.621,7.621,0.073,0.051,0.375,0.375,False
349,O=C1CCCN1c1ccc(-c2ccc3cc(-c4cc5ccc(C(=O)N6CC7CCC6C7)cn5n4)n(CC4CC4)c3n2)cc1,2,0,1,0.0,1.0,7.329,7.329,1.342,0.949,7.265,7.265,False
350,O=C1CCCCN1c1ccc(-c2ccc3cc(-c4nc5cc(C(=O)N6CC7CCC6C7)ccc5[nH]4)n(CC4CC4)c3n2)cc1,2,0,1,0.0,1.0,7.529,7.529,0.146,0.103,0.955,0.955,False
351,O=C1CC=C(c2ccc3cc(-c4nc5cc(C(=O)N6CC7CCC6C7)ccc5[nH]4)n(CC4CC4)c3n2)C=N1,2,0,1,0.0,1.0,6.912,6.912,0.359,0.254,2.357,2.357,True
352,O=C1CC(c2ccccc2)C2CCCCC2N1,2,0,1,0.0,1.0,4.155,4.155,0.0,0.0,0.0,0.0,True
353,O=C(NCc1ccc2cc(-c3nc4cc(C(=O)N5CC[C@@H]6CC[C@H]5C6)ccc4n3C3CC3)n(CC3CC3)c2n1)c1cccnc1,2,0,1,0.0,1.0,7.001,7.001,0.093,0.065,0.662,0.662,False
354,O=C(c1ccc2[nH]c(-c3cc4ccc(N5CCCC5)nc4n3CC3CC3)nc2c1)N1CC2CCC1C2,2,0,1,0.0,1.0,7.153,7.153,0.534,0.378,3.134,3.134,False
355,O=C(c1ccc2[nH]c(-c3cc4ccc(CNC(=O)C56CC(C5)C6)nc4n3CC3CC3)nc2c1)N1[C@H]2CC[C@@H]1CC2,2,0,1,0.0,1.0,7.577,7.577,0.327,0.231,2.532,2.532,False
356,O=C(c1ccc2[nH]c(-c3cc4ccc(CNC(=O)C56CC(C5)C6)nc4n3CC3CC3)nc2c1)N1CCCCC1,2,0,1,0.0,1.0,7.115,7.115,0.175,0.124,1.026,1.026,False
357,O=C(c1ccc2[nH]c(-c3cc4ccc(CC5CC5)nc4n3CC3CC3)nc2c1)N1CC2CCC1C2,2,0,1,0.0,1.0,7.223,7.223,0.173,0.122,,,False
358,O=C1c2cc3nc(-c4cc5cccc(OCCn6ccnc6)c5n4CC4CC4)[nH]c3cc2CCN1C[C@H]1COCCN1,2,0,1,0.0,1.0,8.0,8.0,0.0,0.0,0.0,0.0,False
359,O=C1c2cc3nc(-c4cc5cccc(C6CCNCC6)c5n4CC4CC4)[nH]c3cc2CCN1C[C@H]1COCCN1,2,0,1,0.0,1.0,7.26,7.26,0.0,0.0,0.0,0.0,False
360,O=C1c2cc3nc(-c4cc5ccc(-c6ccccc6)nc5n4CC4CC4)[nH]c3cc2CCN1C[C@H]1COCCN1,2,0,1,0.0,1.0,6.324,6.324,0.398,0.281,1.625,1.625,False
361,O=C1NCc2ccc3cc(-c4nc5cc(C(=O)N6CCCCC6)ccc5n4C4CC4)n(c3n2)CCCCCC2C[C@@H]12,2,0,1,0.0,1.0,8.261,8.261,0.079,0.056,0.276,0.276,False
362,O=C1NCc2ccc(-c3ccc4cc(-c5nc6cc(C(=O)N7CCCCC7)ccc6[nH]5)n(CC5CC5)c4c3)cc21,2,0,1,0.0,1.0,7.079,7.079,0.272,0.192,1.859,1.859,False
363,O=C(/C=C/C1CC1)C1C(=O)NC2CCCCC2C1c1ccccc1,2,0,1,0.0,1.0,4.547,4.547,0.784,0.555,2.857,2.857,True
364,c1ccc2c(c1)cc(-c1nc3cccc4c3n1CCN4)n2CC1CC1,2,0,1,0.0,1.0,6.38,6.38,0.24,0.17,0.0,0.0,False
365,c1ccc2[nH]ccc2c1,2,0,1,0.0,1.0,4.082,4.082,0.722,0.511,2.769,2.769,False
366,C1CCC(O[C@@H]2OCC[C@H]2O[C@H]2CCCCO2)CC1,2,0,1,0.0,1.0,2.745,2.745,0.0,0.0,0.0,0.0,False
367,O=c1cc(-c2ccccc2)c2ccccc2[nH]1,2,0,1,0.0,1.0,4.155,4.155,0.0,0.0,0.0,0.0,False
368,O=C1NCc2cc(-c3ccc4cc(-c5cc6ccc(C(=O)N7CCCCC7)cn6n5)n(CC5CC5)c4c3)ccc21,2,0,1,0.0,1.0,6.976,6.976,0.2,0.141,0.998,0.998,False
369,O=C1NCc2cc(-c3ccc4cc(-c5cc6ccc(C(=O)N7CC8CCC7C8)cn6n5)n(CC5CC5)c4c3)ccc21,2,0,1,0.0,1.0,7.715,7.715,0.412,0.291,2.061,2.061,False
370,O=C1NCc2cc(-c3ccc4cc(-c5cc6ccc(C(=O)N7CC8CCC7C8)cc6o5)n(CC5CC5)c4c3)ccc21,2,0,1,0.0,1.0,6.885,6.885,0.139,0.099,0.668,0.668,False
371,O=C1NCCc2cc3[nH]c(-c4cc5ccccc5n4Cc4nnco4)nc3cc21,2,0,1,0.0,1.0,6.261,6.261,0.523,0.37,1.551,1.551,False
372,O=C1NCCc2cc3[nH]c(-c4cc5ccccc5n4Cc4ncno4)nc3cc21,2,0,1,0.0,1.0,6.523,6.523,0.0,0.0,0.0,0.0,False
373,O=C1NCCc2cc3[nH]c(-c4cc5ccccc5n4Cc4cnco4)nc3cc21,2,0,1,0.0,1.0,6.523,6.523,0.0,0.0,0.0,0.0,False
374,O=C1NCCc2cc3[nH]c(-c4cc5ccccc5n4Cc4ccon4)nc3cc21,2,0,1,0.0,1.0,6.0,6.0,0.0,0.0,0.0,0.0,False
375,O=C1NCCc2cc3[nH]c(-c4cc5ccccc5n4Cc4ccn[nH]4)nc3cc21,2,0,1,0.0,1.0,6.261,6.261,0.523,0.37,1.322,1.322,False
