inchi_key_a,inchi_key_b,tanimoto,delta_pic50,mech_a,mech_b,same_mechanism,hub_involved,hub_class_involved
SNGZWRFTYBDAGE-JCHVILAISA-N,RAVBZQAQTVGKIV-XBPDSQQVSA-N,0.81609195,2.0059427671652843,enzymatic,enzymatic,True,True,A
XQTXXZKKQQEXQJ-JOCHJYFZSA-N,VLAXNKASDDXGFU-LJQANCHMSA-N,0.8192771,2.2552725051033056,enzymatic,enzymatic,True,False,none
XQTXXZKKQQEXQJ-JOCHJYFZSA-N,DCWONHKPZRUFJT-OAQYLSRUSA-N,0.8192771,2.4651968979101877,enzymatic,enzymatic,True,False,none
RKLNNGQJROHZOF-GNTVVGMTSA-N,UGYGQLAFRCVHJW-JWJBQAENSA-N,0.8674699,2.035324390826383,enzymatic,enzymatic,True,False,none
RKLNNGQJROHZOF-GNTVVGMTSA-N,RAVBZQAQTVGKIV-XBPDSQQVSA-N,0.84705883,2.3804016799877994,enzymatic,enzymatic,True,True,A
WQNCRDJMLQSQCQ-UCDZCMRKSA-N,RAVBZQAQTVGKIV-XBPDSQQVSA-N,0.86206895,2.0359059905427275,enzymatic,enzymatic,True,True,A
TZPKGQDKWPGOGH-VDOBOPNRSA-N,SMADULGDNOCLOP-GISFHXKWSA-N,0.8068182,2.078648696033741,enzymatic,enzymatic,True,True,A
TZPKGQDKWPGOGH-VDOBOPNRSA-N,RAVBZQAQTVGKIV-XBPDSQQVSA-N,0.89285713,2.127676363898374,enzymatic,enzymatic,True,True,A
UTKKNIQJEBWKCD-CDNDPLPTSA-N,RAVBZQAQTVGKIV-XBPDSQQVSA-N,0.8068182,2.154005302620722,enzymatic,enzymatic,True,True,A
BWTBYTFLDISNFI-WFNCXJDMSA-N,SMADULGDNOCLOP-GISFHXKWSA-N,0.8181818,2.019063006049496,enzymatic,enzymatic,True,True,A
YUHZLTYIGGBRCL-OFKODDFHSA-N,SMADULGDNOCLOP-GISFHXKWSA-N,0.8181818,2.0419258890090006,enzymatic,enzymatic,True,True,A
HCVYAIQSYNFWFL-MDLALNFGSA-N,SMADULGDNOCLOP-GISFHXKWSA-N,0.84090906,2.078648696033741,enzymatic,enzymatic,True,True,A
RXOPZPXJRLYRAF-KFACBJOOSA-N,RAVBZQAQTVGKIV-XBPDSQQVSA-N,0.81609195,2.154005302620722,enzymatic,enzymatic,True,True,A
QUGDJUDQMAHGNQ-AQEANLGOSA-N,SMADULGDNOCLOP-GISFHXKWSA-N,0.82222223,2.019063006049496,enzymatic,enzymatic,True,True,A
FMNSJJUYYNOGSP-FLVRFYSZSA-N,SMADULGDNOCLOP-GISFHXKWSA-N,0.80898875,2.078648696033741,enzymatic,enzymatic,True,True,A
WNVSDECEZODUPK-JAEXGXQOSA-N,SMADULGDNOCLOP-GISFHXKWSA-N,0.872093,2.0916136731981076,enzymatic,enzymatic,True,True,A
FOBNOYWWYUHZGJ-CPWPOOERSA-N,RAVBZQAQTVGKIV-XBPDSQQVSA-N,0.83908045,2.0680906739141287,enzymatic,enzymatic,True,True,A
PPYDIYQJBOFKJJ-CCWBKVMBSA-N,SMADULGDNOCLOP-GISFHXKWSA-N,0.83146065,2.2483997770584025,enzymatic,enzymatic,True,True,A
LFPPSFVNBGNNPR-UCDZCMRKSA-N,UGYGQLAFRCVHJW-JWJBQAENSA-N,0.89411765,2.200134639472375,enzymatic,enzymatic,True,False,none
LFPPSFVNBGNNPR-UCDZCMRKSA-N,RAVBZQAQTVGKIV-XBPDSQQVSA-N,0.83146065,2.5452119286337913,enzymatic,enzymatic,True,True,A
LFPPSFVNBGNNPR-UCDZCMRKSA-N,JLGGAYUHFPLCCK-IKXBFRDRSA-N,0.8021978,2.0205525035278376,enzymatic,enzymatic,True,False,none
CGWRMBYFKYPJSA-RXEARMEOSA-N,RAVBZQAQTVGKIV-XBPDSQQVSA-N,0.80898875,2.2277915167816404,enzymatic,enzymatic,True,True,A
XCRYSDRGCKTKKK-KFHGAJFOSA-N,RAVBZQAQTVGKIV-XBPDSQQVSA-N,0.8,2.127676363898374,enzymatic,enzymatic,True,True,A
IOWPZLZDXNUXKG-OFKODDFHSA-N,SMADULGDNOCLOP-GISFHXKWSA-N,0.84444445,2.178763848917008,enzymatic,enzymatic,True,True,A
SMADULGDNOCLOP-GISFHXKWSA-N,NCNREJRBJOTJAJ-JAEXGXQOSA-N,0.82417583,2.287908318342076,enzymatic,enzymatic,True,True,A
SMADULGDNOCLOP-GISFHXKWSA-N,UNGYPWLQAZQTIO-ZREWPKOVSA-N,0.8426966,2.1187659192417216,enzymatic,enzymatic,True,True,A
SMADULGDNOCLOP-GISFHXKWSA-N,WRHOMFJKHSWYJS-VDOBOPNRSA-N,0.8068182,2.2299163713643892,enzymatic,enzymatic,True,True,A
SMADULGDNOCLOP-GISFHXKWSA-N,GDNYILLQBQRSAV-TWDLTGNASA-N,0.8181818,2.008067621748033,enzymatic,enzymatic,True,True,A
SMADULGDNOCLOP-GISFHXKWSA-N,PJLWBJYOZPZIFT-ZREWPKOVSA-N,0.82417583,2.1187659192417216,enzymatic,enzymatic,True,True,A
SMADULGDNOCLOP-GISFHXKWSA-N,LHCGWKJDICUCEG-KTBVXVCESA-N,0.8333333,2.287908318342076,enzymatic,enzymatic,True,True,A
MRNJWOMRYSTQPG-LCRYKWFRSA-N,RAVBZQAQTVGKIV-XBPDSQQVSA-N,0.8,2.0157026044544404,enzymatic,enzymatic,True,True,A
WRHOMFJKHSWYJS-VDOBOPNRSA-N,RAVBZQAQTVGKIV-XBPDSQQVSA-N,0.87058824,2.278944039229022,enzymatic,enzymatic,True,True,A
XZEQIKBQYLFCFP-OFKODDFHSA-N,LHCGWKJDICUCEG-KTBVXVCESA-N,0.8064516,2.0245247598709293,enzymatic,enzymatic,True,False,none
NXLODQYXKFLXEG-BTDDGAACSA-N,BCZPEKVMAZSURM-GNTVVGMTSA-N,0.82978725,2.6311054016552653,enzymatic,enzymatic,True,False,none
YBRYCMKAKUNWFO-LTFVAXTNSA-N,UXUIFFMVADUAON-CXBZOWBPSA-N,0.8064516,2.351216345339342,enzymatic,enzymatic,True,False,none
XMLNOTFMOBYSBU-HXUWFJFHSA-N,UDCDEKJNAMHBFH-HSZRJFAPSA-N,0.85714287,2.6126101736612704,enzymatic,enzymatic,True,True,B
XMLNOTFMOBYSBU-HXUWFJFHSA-N,DVCKJOQIVOGXEI-XMMPIXPASA-N,0.8372093,2.6126101736612704,enzymatic,enzymatic,True,True,B
KVTKINWILIQXMO-OAQYLSRUSA-N,UDCDEKJNAMHBFH-HSZRJFAPSA-N,0.90361446,2.8035474582966113,enzymatic,enzymatic,True,True,B
KVTKINWILIQXMO-OAQYLSRUSA-N,DVCKJOQIVOGXEI-XMMPIXPASA-N,0.88235295,2.8035474582966113,enzymatic,enzymatic,True,True,B
VCWHGOPUEXSIAX-JOCHJYFZSA-N,UDCDEKJNAMHBFH-HSZRJFAPSA-N,0.8372093,2.924453038607469,enzymatic,enzymatic,True,True,B
VCWHGOPUEXSIAX-JOCHJYFZSA-N,DVCKJOQIVOGXEI-XMMPIXPASA-N,0.8181818,2.924453038607469,enzymatic,enzymatic,True,True,B
VCWHGOPUEXSIAX-JOCHJYFZSA-N,QGGNDXGZJHUSSA-GOSISDBHSA-N,0.8372093,2.234083206033368,enzymatic,enzymatic,True,False,none
BVUMJIRBLWLPNT-OAQYLSRUSA-N,UDCDEKJNAMHBFH-HSZRJFAPSA-N,0.8045977,2.484126156288321,enzymatic,enzymatic,True,True,B
KKEPYHNMZDFGFZ-JOCHJYFZSA-N,UDCDEKJNAMHBFH-HSZRJFAPSA-N,0.88235295,2.180456064458131,enzymatic,enzymatic,True,True,B
KKEPYHNMZDFGFZ-JOCHJYFZSA-N,DVCKJOQIVOGXEI-XMMPIXPASA-N,0.86206895,2.180456064458131,enzymatic,enzymatic,True,True,B
SCMQIRWIRWDRLV-AREMUKBSSA-N,UDCDEKJNAMHBFH-HSZRJFAPSA-N,0.86206895,2.4156687756324686,enzymatic,enzymatic,True,True,B
SCMQIRWIRWDRLV-AREMUKBSSA-N,DVCKJOQIVOGXEI-XMMPIXPASA-N,0.8426966,2.4156687756324686,enzymatic,enzymatic,True,True,B
KYBHPHAXGGSZPB-JOCHJYFZSA-N,UDCDEKJNAMHBFH-HSZRJFAPSA-N,0.8372093,2.565431095965801,enzymatic,enzymatic,True,True,B
KYBHPHAXGGSZPB-JOCHJYFZSA-N,DVCKJOQIVOGXEI-XMMPIXPASA-N,0.83908045,2.565431095965801,enzymatic,enzymatic,True,True,B
BGBBWIFRUCEWMS-HXUWFJFHSA-N,UDCDEKJNAMHBFH-HSZRJFAPSA-N,0.86206895,2.1992829217176144,enzymatic,enzymatic,True,True,B
BGBBWIFRUCEWMS-HXUWFJFHSA-N,DVCKJOQIVOGXEI-XMMPIXPASA-N,0.8426966,2.1992829217176144,enzymatic,enzymatic,True,True,B
CQWFGKDJGWSGSK-OAQYLSRUSA-N,UDCDEKJNAMHBFH-HSZRJFAPSA-N,0.8372093,2.7520267336381936,enzymatic,enzymatic,True,True,B
CQWFGKDJGWSGSK-OAQYLSRUSA-N,DVCKJOQIVOGXEI-XMMPIXPASA-N,0.8181818,2.7520267336381936,enzymatic,enzymatic,True,True,B
CQWFGKDJGWSGSK-OAQYLSRUSA-N,MZSMHDUPQNNXTK-FQEVSTJZSA-N,0.8181818,2.106135172785595,enzymatic,enzymatic,True,False,none
JHCOCDUNEWCPDJ-LJQANCHMSA-N,UDCDEKJNAMHBFH-HSZRJFAPSA-N,0.8181818,2.718734615568869,enzymatic,enzymatic,True,True,B
JHCOCDUNEWCPDJ-LJQANCHMSA-N,DVCKJOQIVOGXEI-XMMPIXPASA-N,0.8,2.718734615568869,enzymatic,enzymatic,True,True,B
JHCOCDUNEWCPDJ-LJQANCHMSA-N,YAHQJIWNFQVWGH-UHFFFAOYSA-N,0.8021978,2.1235683321888077,enzymatic,enzymatic,True,False,none
JHCOCDUNEWCPDJ-LJQANCHMSA-N,QGGNDXGZJHUSSA-GOSISDBHSA-N,0.92771083,2.0283647829947684,enzymatic,enzymatic,True,False,none
IQBSSKFAACESCW-HXUWFJFHSA-N,UDCDEKJNAMHBFH-HSZRJFAPSA-N,0.872093,2.441291429466834,enzymatic,enzymatic,True,True,B
IQBSSKFAACESCW-HXUWFJFHSA-N,DVCKJOQIVOGXEI-XMMPIXPASA-N,0.85227275,2.441291429466834,enzymatic,enzymatic,True,True,B
UDCDEKJNAMHBFH-HSZRJFAPSA-N,QYUCTVIPCCLAIZ-JOCHJYFZSA-N,0.8181818,2.785156151952302,enzymatic,enzymatic,True,True,B
DVCKJOQIVOGXEI-XMMPIXPASA-N,QYUCTVIPCCLAIZ-JOCHJYFZSA-N,0.8,2.785156151952302,enzymatic,enzymatic,True,True,B
XFNHWGBLXODYMR-HXUWFJFHSA-N,QGGNDXGZJHUSSA-GOSISDBHSA-N,0.8202247,2.0415204376174207,enzymatic,enzymatic,True,False,none
CQJUFPGIBDGKLI-OXJNMPFZSA-N,QGGNDXGZJHUSSA-GOSISDBHSA-N,0.8181818,2.038253295531825,enzymatic,enzymatic,True,False,none
KPMPCLPZOHGVGR-GVCORALISA-N,ACDAFJAJTHFIQA-AUZMWRNASA-N,0.8488372,2.0212816137651313,enzymatic,enzymatic,True,False,none
LIWXHHMEQAPAGZ-QKNQBKEWSA-N,WDRJLORLDTWTEV-QZNHQXDQSA-N,0.8,3.044793462458058,enzymatic,enzymatic,True,False,none
BCHLSCBZCOCRKN-SFTDATJTSA-N,NFPBHTVGQPXGFY-NHCUHLMSSA-N,0.8651685,2.2152849801139674,enzymatic,enzymatic,True,False,none
ZOAONFSVARXNNV-KXLZNQPTSA-N,IUVPDHXLQQUGMB-DNQXCXABSA-N,0.8061224,2.008773924307505,enzymatic,enzymatic,True,False,none
NFPBHTVGQPXGFY-NHCUHLMSSA-N,IUVPDHXLQQUGMB-DNQXCXABSA-N,0.8020833,2.3187587626244124,enzymatic,enzymatic,True,False,none
VBPFHLZFZVJNHB-JOCHJYFZSA-N,DQYBRNLGMWOIAD-UHFFFAOYSA-N,0.85393256,2.0,enzymatic_confirmed,enzymatic,False,False,none
KVMPLKNGFPPJEW-HWVXXCOISA-N,DFQZFXZWGBIVAD-CLJLJLNGSA-N,0.81609195,2.485985638199878,enzymatic_confirmed,enzymatic_confirmed,True,False,none
SIQFSMORDDWOQU-AREMUKBSSA-N,CSIRJPXUQDSYOW-HHHXNRCGSA-N,0.8,2.480725378988488,enzymatic_confirmed,enzymatic_confirmed,True,False,none
SIQFSMORDDWOQU-AREMUKBSSA-N,LFNUUCVWQIPJNI-SUHSUELASA-N,0.8117647,2.0036041242688256,enzymatic_confirmed,enzymatic,False,False,none
DFQZFXZWGBIVAD-CLJLJLNGSA-N,CQGWPDDLIRVUCO-JWQCQUIFSA-N,0.8352941,2.4771212547196626,enzymatic_confirmed,enzymatic_confirmed,True,False,none
DFQZFXZWGBIVAD-CLJLJLNGSA-N,MKJUETQMTPGHGC-KAYWLYCHSA-N,0.8780488,2.134698573897456,enzymatic_confirmed,enzymatic_confirmed,True,False,none
DFQZFXZWGBIVAD-CLJLJLNGSA-N,KVMPLKNGFPPJEW-RULIXLRNSA-N,0.81609195,2.574031267727719,enzymatic_confirmed,enzymatic,False,False,none
DFQZFXZWGBIVAD-CLJLJLNGSA-N,KVMPLKNGFPPJEW-JGZPXTCXSA-N,0.81609195,2.3979400086720375,enzymatic_confirmed,enzymatic,False,False,none
GMZVAQJVBFWSIS-RUZDIDTESA-N,CSIRJPXUQDSYOW-HHHXNRCGSA-N,0.9375,2.379361349272659,enzymatic_confirmed,enzymatic_confirmed,True,False,none
GMZVAQJVBFWSIS-RUZDIDTESA-N,DXZLTZZZLYIHJG-AREMUKBSSA-N,0.8023256,2.078331353608678,enzymatic_confirmed,enzymatic_confirmed,True,False,none
CIIHYWMLMWIWJT-DNQXCXABSA-N,IIWCKVZWLWDNIR-DNQXCXABSA-N,0.82417583,2.20682587603185,enzymatic_confirmed,enzymatic_confirmed,True,False,none
IGZIDTNYUHLUDZ-GWQXNCQPSA-N,INTIBJQLLPOYKV-HSZRJFAPSA-N,0.8202247,2.1300838110349947,enzymatic_confirmed,enzymatic_confirmed,True,False,none
INTIBJQLLPOYKV-HSZRJFAPSA-N,VRWQITKRSFXCGO-HSZRJFAPSA-N,0.8068182,2.5676144427308447,enzymatic_confirmed,enzymatic_confirmed,True,False,none
IUZXRGLRAITQQP-RUZDIDTESA-N,CZVROBPEHUHFMR-XMMPIXPASA-N,0.8068182,2.4712917110589387,enzymatic_confirmed,enzymatic_confirmed,True,False,none
BEYKKJIYABIPQW-GNTVVGMTSA-N,PEMSBPMDBFZNNE-LGYSXGNESA-N,0.8235294,2.8143634230380883,enzymatic_confirmed,enzymatic_confirmed,True,False,none
GRQYJPFSBYFLKX-WKBCRJLYSA-N,HMNKHISRBBCLDY-IOAASBHNSA-N,0.81707317,2.0036041242688256,enzymatic_confirmed,enzymatic_confirmed,True,False,none
PXOOLNADBLBDGP-WMXNZVEGSA-N,OFIHEFDHYWXPRX-UOLLPAKTSA-N,0.81609195,2.194960102352362,enzymatic_confirmed,enzymatic_confirmed,True,False,none
CHMUAFHYTBEENP-JWQCQUIFSA-N,IYTYCUFCBRYNSG-JWQCQUIFSA-N,0.91566265,2.029963223377443,enzymatic_confirmed,enzymatic_confirmed,True,False,none
WIELPYALLBTMLM-RDVROTLESA-N,YDUZIQDWBSFXRB-GYZOCXDNSA-N,0.8488372,2.3679989420458973,enzymatic_confirmed,enzymatic_confirmed,True,False,none
HDOICFJGKOAPSD-KAYWLYCHSA-N,CFDNEUFZAVYAPY-SACAOSOOSA-N,0.8,2.005180512503781,enzymatic_confirmed,enzymatic_confirmed,True,False,none
HDOICFJGKOAPSD-KAYWLYCHSA-N,KREMBNXLYXOOPX-CLJLJLNGSA-N,0.8235294,2.4031205211758184,enzymatic_confirmed,enzymatic_confirmed,True,False,none
HDOICFJGKOAPSD-KAYWLYCHSA-N,NVKZHLKRHQPQSA-CLJLJLNGSA-N,0.8181818,2.227029262120137,enzymatic_confirmed,enzymatic_confirmed,True,False,none
YDUZIQDWBSFXRB-GYZOCXDNSA-N,XFXVYNYRKQIMDF-YJHZZORQSA-N,0.86206895,2.0133639615579817,enzymatic_confirmed,enzymatic_confirmed,True,False,none
YDUZIQDWBSFXRB-GYZOCXDNSA-N,KREMBNXLYXOOPX-CLJLJLNGSA-N,0.85365856,2.615423952885944,enzymatic_confirmed,enzymatic_confirmed,True,False,none
YDUZIQDWBSFXRB-GYZOCXDNSA-N,NVKZHLKRHQPQSA-CLJLJLNGSA-N,0.8045977,2.439332693830263,enzymatic_confirmed,enzymatic_confirmed,True,False,none
