inchi_key,smiles_std,pic50_consensus,mechanism_class,is_covalent,fragment_flag,severe_cliff_degree,hub_class
SMADULGDNOCLOP-GISFHXKWSA-N,COc1cc(-c2ccc3cc(-c4nc5cc(C(=O)N6CC7CCC6[C@@H]7N)cc(OC)c5n4C)n(CC4CC4)c3n2)c(F)cc1O,5.389872386924004,enzymatic,False,False,15,A
RAVBZQAQTVGKIV-XBPDSQQVSA-N,CCc1cc(-c2ccc3cc(-c4nc5cc(C(=O)N6CC7CCC6[C@@H]7N)cc(OC)c5n4C)n(CC4CC4)c3n2)ccc1O,5.340844719059372,enzymatic,False,False,12,A
UDCDEKJNAMHBFH-HSZRJFAPSA-N,COc1cc(C(=O)N2CCC[C@@H](N)C2)cc2nc(-c3cc4ccc(N(CC5CC5)S(C)(=O)=O)nc4n3CC3CC3)n(C)c12,4.301029995663981,enzymatic,False,False,12,B
DVCKJOQIVOGXEI-XMMPIXPASA-N,COc1cc(C(=O)N2CCC[C@@H](N)C2)cc2nc(-c3cc4ccc(N(CC5CCC5)S(C)(=O)=O)nc4n3CC3CC3)n(C)c12,4.301029995663981,enzymatic,False,False,11,B
DFQZFXZWGBIVAD-CLJLJLNGSA-N,COc1cc(C(=O)N2C[C@H](N)C[C@@H](F)C2)cn2nc(-c3cc4cccc(C5CN(C(C)=O)C5)c4n3CC3CCC3)c(C)c12,4.823908740944319,enzymatic_confirmed,False,False,5,none
JHCOCDUNEWCPDJ-LJQANCHMSA-N,COc1cc(C(=O)N2CCC[C@@H](N)C2)cc2nc(-c3cc4ccc(N(C(F)F)S(C)(=O)=O)nc4n3CC3CC3)n(C)c12,7.0197646112328504,enzymatic,False,False,4,none
YDUZIQDWBSFXRB-GYZOCXDNSA-N,Cc1c(-c2cc3cccc(C4CCN(C(=O)C5CC(O)C5)CC4)c3n2CC2CC2)nn2cc(C(=O)N3C[C@H](N)C[C@@H](F)C3)cc(F)c12,5.0835460514500745,enzymatic_confirmed,False,False,4,none
QGGNDXGZJHUSSA-GOSISDBHSA-N,COc1cc(C(=O)N2CC[C@@H](N)C2)cc2nc(-c3cc4ccc(N(C(F)F)S(C)(=O)=O)nc4n3CC3CC3)n(C)c12,4.991399828238082,enzymatic,False,False,4,none
CQWFGKDJGWSGSK-OAQYLSRUSA-N,COc1cc(C(=O)N2CCC[C@@H](N)C2)cc2nc(-c3cc4ccc(N(C5CC5)S(C)(=O)=O)nc4n3CC3CC3)n(C)c12,7.053056729302175,enzymatic,False,False,3,none
VCWHGOPUEXSIAX-JOCHJYFZSA-N,COc1cc(C(=O)N2CCC[C@@H](N)C2)cc2nc(-c3cc4ccc(N(C(C)C)S(C)(=O)=O)nc4n3CC3CC3)n(C)c12,7.22548303427145,enzymatic,False,False,3,none
HDOICFJGKOAPSD-KAYWLYCHSA-N,COC(C)(C)C(=O)N1CCC(c2cccc3cc(-c4nn5cc(C(=O)N6C[C@H](N)C[C@@H](F)C6)cc(F)c5c4C)n(CC4CC4)c23)CC1,5.2958494831602,enzymatic_confirmed,False,False,3,none
LFPPSFVNBGNNPR-UCDZCMRKSA-N,COc1cc(C(=O)N2CC3CCC2[C@@H]3N)cc2nc(-c3cc4ccc(-c5ccc(C(N)=O)c(O)c5)nc4n3CC3CC3)n(C)c12,7.886056647693163,enzymatic,False,False,3,none
WRHOMFJKHSWYJS-VDOBOPNRSA-N,COc1ccc(-c2ccc3cc(-c4nc5cc(C(=O)N6CC7CCC6[C@@H]7N)cc(OC)c5n4C)n(CC4CC4)c3n2)cc1O,7.619788758288394,enzymatic,False,False,2,none
XQTXXZKKQQEXQJ-JOCHJYFZSA-N,COc1cc(C(=O)N2CCC[C@@H](N)C2)cc2nc(-c3cc4ccc(Nc5ccncc5)nc4n3CC3CC3)n(C)c12,7.494850021680094,enzymatic,False,False,2,none
RKLNNGQJROHZOF-GNTVVGMTSA-N,COc1cc(C(=O)N2CC3CCC2[C@@H]3N)cc2nc(-c3cc4ccc(-c5ccc(O)cc5)nc4n3CC3CC3)n(C)c12,7.721246399047171,enzymatic,False,False,2,none
LHCGWKJDICUCEG-KTBVXVCESA-N,COc1cc(C(=O)N2CC3CCC2[C@@H]3N)cc2nc(-c3cc4ccc(-c5cc(C)c(C(N)=O)cc5F)nc4n3CC3CC3)n(C)c12,7.6777807052660805,enzymatic,False,False,2,none
UGYGQLAFRCVHJW-JWJBQAENSA-N,COc1cc(C(=O)N2CC3CCC2[C@@H]3N)cc2nc(-c3cc4ccc(-c5ccc(C)c(O)c5)nc4n3CC3CC3)n(C)c12,5.685922008220788,enzymatic,False,False,2,none
IQBSSKFAACESCW-HXUWFJFHSA-N,COc1cc(C(=O)N2CCC[C@@H](N)C2)cc2nc(-c3cc4ccc(N(CC(F)F)S(C)(=O)=O)nc4n3CC3CC3)n(C)c12,6.7423214251308154,enzymatic,False,False,2,none
TZPKGQDKWPGOGH-VDOBOPNRSA-N,COc1cc(-c2ccc3cc(-c4nc5cc(C(=O)N6CC7CCC6[C@@H]7N)cc(OC)c5n4C)n(CC4CC4)c3n2)ccc1O,7.4685210829577455,enzymatic,False,False,2,none
XMLNOTFMOBYSBU-HXUWFJFHSA-N,COc1cc(C(=O)N2CCC[C@@H](N)C2)cc2nc(-c3cc4ccc(N(C)S(C)(=O)=O)nc4n3CC3CC3)n(C)c12,6.913640169325252,enzymatic,False,False,2,none
KVTKINWILIQXMO-OAQYLSRUSA-N,CCN(c1ccc2cc(-c3nc4cc(C(=O)N5CCC[C@@H](N)C5)cc(OC)c4n3C)n(CC3CC3)c2n1)S(C)(=O)=O,7.104577453960593,enzymatic,False,False,2,none
BGBBWIFRUCEWMS-HXUWFJFHSA-N,COc1cc(C(=O)N2CCC[C@@H](N)C2)cc2nc(-c3cc4ccc(N(CC(F)(F)F)S(C)(=O)=O)nc4n3CC3CC3)n(C)c12,6.500312917381596,enzymatic,False,False,2,none
QYUCTVIPCCLAIZ-JOCHJYFZSA-N,CCN(c1ccc2cc(-c3nc4cc(C(=O)N5CCC[C@@H](N)C5)cc(OC)c4n3C)n(CC3CC3)c2n1)S(=O)(=O)C1CC1,7.086186147616283,enzymatic,False,False,2,none
KYBHPHAXGGSZPB-JOCHJYFZSA-N,COc1cc(C(=O)N2CCC[C@@H](N)C2)cc2nc(-c3cc4ccc(N(C5CCC5)S(C)(=O)=O)nc4n3CC3CC3)n(C)c12,6.866461091629782,enzymatic,False,False,2,none
SCMQIRWIRWDRLV-AREMUKBSSA-N,COc1cc(C(=O)N2CCC[C@@H](N)C2)cc2nc(-c3cc4ccc(N(Cc5ccccc5)S(C)(=O)=O)nc4n3CC3CC3)n(C)c12,6.71669877129645,enzymatic,False,False,2,none
INTIBJQLLPOYKV-HSZRJFAPSA-N,COc1cc(C(=O)N2CCC[C@@H](N)C2)cn2nc(-c3cc4ccnc(OCC5COC5)c4n3CC3CC3)c(C)c12,5.131355561605174,enzymatic_confirmed,False,False,2,none
NVKZHLKRHQPQSA-CLJLJLNGSA-N,COCC(=O)N1CCC(c2cccc3cc(-c4nn5cc(C(=O)N6C[C@H](N)C[C@@H](F)C6)cc(F)c5c4C)n(CC4CC4)c23)CC1,7.522878745280337,enzymatic_confirmed,False,False,2,none
KKEPYHNMZDFGFZ-JOCHJYFZSA-N,CCCN(c1ccc2cc(-c3nc4cc(C(=O)N5CCC[C@@H](N)C5)cc(OC)c4n3C)n(CC3CC3)c2n1)S(C)(=O)=O,6.481486060122112,enzymatic,False,False,2,none
NFPBHTVGQPXGFY-NHCUHLMSSA-N,C=CC(=O)N[C@@H]1CNC[C@H]1NC(=O)c1cc(OC)c2c(c1)nc(-c1cc3ccc(N(C(F)F)S(C)(=O)=O)nc3n1CC1CC1)n2C,6.619788758288394,enzymatic,False,False,2,none
IUVPDHXLQQUGMB-DNQXCXABSA-N,COc1cc(C(=O)N[C@@H]2CNC[C@H]2NC(=O)CCCN(C)C)cc2nc(-c3cc4ccc(N(C(F)F)S(C)(=O)=O)nc4n3CC3CC3)n(C)c12,4.301029995663981,enzymatic,False,False,2,none
GMZVAQJVBFWSIS-RUZDIDTESA-N,COCC(=O)N1CC(c2cccc3cc(-c4nn5cc(C(=O)N6CCC[C@@H](N)C6)cc(OC)c5c4C)n(CC4CC4)c23)C1,5.31960865506336,enzymatic_confirmed,False,False,2,none
KREMBNXLYXOOPX-CLJLJLNGSA-N,CC(=O)N1CCC(c2cccc3cc(-c4nn5cc(C(=O)N6C[C@H](N)C[C@@H](F)C6)cc(F)c5c4C)n(CC4CC4)c23)CC1,7.698970004336019,enzymatic_confirmed,False,False,2,none
CSIRJPXUQDSYOW-HHHXNRCGSA-N,COCC(=O)N1CCC(c2cccc3cc(-c4nn5cc(C(=O)N6CCC[C@@H](N)C6)cc(OC)c5c4C)n(CC4CC4)c23)CC1,7.698970004336019,enzymatic_confirmed,False,False,2,none
SIQFSMORDDWOQU-AREMUKBSSA-N,COc1cc(C(=O)N2CCC[C@@H](N)C2)cn2nc(-c3cc4cccc(C5CN(C(C)=O)C5)c4n3CC3CCC3)c(C)c12,5.2182446253475305,enzymatic_confirmed,False,False,2,none
SNGZWRFTYBDAGE-JCHVILAISA-N,COc1cc(C(=O)N2CC3CCC2[C@@H]3N)cc2nc(-c3cc4ccc(-c5ccc(C(N)=O)cc5)nc4n3CC3CC3)n(C)c12,7.346787486224656,enzymatic,False,False,1,none
UXUIFFMVADUAON-CXBZOWBPSA-N,COc1cc(C(=O)N2CC3CCC2[C@@H]3N)cc2nc(-c3cc4ccc(N5CC6(CCS6(=O)=O)C5)cc4n3CC3CC3)n(C)c12,8.221848749616356,enzymatic,False,False,1,none
PJLWBJYOZPZIFT-ZREWPKOVSA-N,COc1cc(C(=O)N2CC3CCC2[C@@H]3N)cc2nc(-c3cc4ccc(-c5cc(Cl)c(C(N)=O)cc5F)nc4n3CC3CC3)n(C)c12,7.508638306165726,enzymatic,False,False,1,none
GDNYILLQBQRSAV-TWDLTGNASA-N,COc1cc(C(=O)N2CC3CCC2[C@@H]3N)cc2nc(-c3cc4ccc(-c5ccc(O)c(C)c5C)nc4n3CC3CC3)n(C)c12,7.3979400086720375,enzymatic,False,False,1,none
JLGGAYUHFPLCCK-IKXBFRDRSA-N,COc1cc(-c2ccc3cc(-c4nc5cc(C(=O)N6CC7CCC6[C@@H]7N)cc(OC)c5n4C)n(CC4CC4)c3n2)ccc1CC(N)=O,5.8655041441653255,enzymatic,False,False,1,none
BCZPEKVMAZSURM-GNTVVGMTSA-N,COc1cc(C(=O)N2CC3CCC2[C@@H]3N)cc2nc(-c3cc4ccc(-c5cnn(CC(C)(C)O)c5)nc4n3CC3CC3)n(C)c12,5.4146520889054095,enzymatic,False,False,1,none
YBRYCMKAKUNWFO-LTFVAXTNSA-N,COc1cc(C(=O)N2CC3CCC2[C@@H]3N)cc2nc(-c3cc4ccc(N5CC6(CCS6(=O)=O)C5)nc4n3CC3CC3)n(C)c12,5.870632404277014,enzymatic,False,False,1,none
XZEQIKBQYLFCFP-OFKODDFHSA-N,COc1cc(C(=O)N2CC3CCC2[C@@H]3N)cc2nc(-c3cc4ccc(-c5cc(O)c(Cl)cc5F)nc4n3CC3CC3)n(C)c12,5.653255945395151,enzymatic,False,False,1,none
NXLODQYXKFLXEG-BTDDGAACSA-N,CCOC(=O)Cn1cc(-c2ccc3cc(-c4nc5cc(C(=O)N6CC7CCC6[C@@H]7N)cc(OC)c5n4C)n(CC4CC4)c3n2)cn1,8.045757490560675,enzymatic,False,False,1,none
NCNREJRBJOTJAJ-JAEXGXQOSA-N,COc1cc(C(=O)N2CC3CCC2[C@@H]3N)cc2nc(-c3cc4ccc(-c5ccc(S(N)(=O)=O)cc5F)nc4n3CC3CC3)n(C)c12,7.6777807052660805,enzymatic,False,False,1,none
MRNJWOMRYSTQPG-LCRYKWFRSA-N,COc1ncc(-c2ccc3cc(-c4nc5cc(C(=O)N6CC7CCC6[C@@H]7N)cc(OC)c5n4C)n(CC4CC4)c3n2)cc1O,7.356547323513812,enzymatic,False,False,1,none
UNGYPWLQAZQTIO-ZREWPKOVSA-N,COc1cc(C(=O)N2CC3CCC2[C@@H]3N)cc2nc(-c3cc4ccc(-c5cc(F)c(C(N)=O)cc5F)nc4n3CC3CC3)n(C)c12,7.508638306165726,enzymatic,False,False,1,none
WNVSDECEZODUPK-JAEXGXQOSA-N,COc1cc(C(=O)N2CC3CCC2[C@@H]3N)cc2nc(-c3cc4ccc(-c5cc(O)ccc5F)nc4n3CC3CC3)n(C)c12,7.481486060122112,enzymatic,False,False,1,none
PPYDIYQJBOFKJJ-CCWBKVMBSA-N,COc1cc(C(=O)N2CC3CCC2[C@@H]3N)cc2nc(-c3cc4ccc(-c5ccc(C(N)=O)cc5F)nc4n3CC3CC3)n(C)c12,7.638272163982407,enzymatic,False,False,1,none
CGWRMBYFKYPJSA-RXEARMEOSA-N,COc1cc(C(=O)N2CC3CCC2[C@@H]3N)cc2nc(-c3cc4ccc(-c5ccc6nccnc6c5)nc4n3CC3CC3)n(C)c12,7.568636235841012,enzymatic,False,False,1,none
XCRYSDRGCKTKKK-KFHGAJFOSA-N,COc1cc(C(=O)N2CC3CCC2[C@@H]3N)cc2nc(-c3cc4ccc(-c5ccc6nc(C(N)=O)ccc6c5)nc4n3CC3CC3)n(C)c12,7.4685210829577455,enzymatic,False,False,1,none
IOWPZLZDXNUXKG-OFKODDFHSA-N,COc1cc(C(=O)N2CC3CCC2[C@@H]3N)cc2nc(-c3cc4ccc(-c5cc(S(N)(=O)=O)c(F)cc5F)nc4n3CC3CC3)n(C)c12,7.568636235841012,enzymatic,False,False,1,none
BWTBYTFLDISNFI-WFNCXJDMSA-N,COc1cc(C(=O)N2CC3CCC2[C@@H]3N)cc2nc(-c3cc4ccc(-c5cc(F)c(O)c(F)c5)nc4n3CC3CC3)n(C)c12,7.4089353929735005,enzymatic,False,False,1,none
RXOPZPXJRLYRAF-KFACBJOOSA-N,COc1cc(C(=O)N2C[C@H]3CC[C@@H]2[C@@H]3N)cc2nc(-c3cc4ccc(-c5ccc(F)cc5)nc4n3CC3CC3)n(C)c12,7.494850021680094,enzymatic,False,False,1,none
HCVYAIQSYNFWFL-MDLALNFGSA-N,COc1ccc(-c2ccc3cc(-c4nc5cc(C(=O)N6C[C@H]7CC[C@@H]6[C@@H]7N)cc(OC)c5n4C)n(CC4CC4)c3n2)c(F)c1,7.4685210829577455,enzymatic,False,False,1,none
YUHZLTYIGGBRCL-OFKODDFHSA-N,COc1cc(C(=O)N2CC3CCC2[C@@H]3N)cc2nc(-c3cc4ccc(-c5c(F)cc(O)cc5F)nc4n3CC3CC3)n(C)c12,7.431798275933005,enzymatic,False,False,1,none
WQNCRDJMLQSQCQ-UCDZCMRKSA-N,COc1cc(C(=O)N2CC3CCC2[C@@H]3N)cc2nc(-c3cc4ccc(-c5ccc(O)c(F)c5)nc4n3CC3CC3)n(C)c12,7.376750709602099,enzymatic,False,False,1,none
FOBNOYWWYUHZGJ-CPWPOOERSA-N,COc1cc(C(=O)N2CC3CCC2[C@@H]3N)cc2nc(-c3cc4ccc(-c5ccc6ccc(O)cc6c5)nc4n3CC3CC3)n(C)c12,7.4089353929735005,enzymatic,False,False,1,none
FMNSJJUYYNOGSP-FLVRFYSZSA-N,COc1cccc(-c2ccc3cc(-c4nc5cc(C(=O)N6C[C@H]7CC[C@@H]6[C@@H]7N)cc(OC)c5n4C)n(CC4CC4)c3n2)c1F,7.4685210829577455,enzymatic,False,False,1,none
QUGDJUDQMAHGNQ-AQEANLGOSA-N,COc1cc(C(=O)N2C[C@H]3CC[C@@H]2[C@@H]3N)cc2nc(-c3cc4ccc(-c5cc(CO)ccc5F)nc4n3CC3CC3)n(C)c12,7.4089353929735005,enzymatic,False,False,1,none
UTKKNIQJEBWKCD-CDNDPLPTSA-N,COc1cc(C(=O)N2CC3CCC2[C@@H]3N)cc2nc(-c3cc4ccc(-c5ccc(CN)cc5)nc4n3CC3CC3)n(C)c12,7.494850021680094,enzymatic,False,False,1,none
MZSMHDUPQNNXTK-FQEVSTJZSA-N,COc1cc(C(=O)N2COC[C@@H](N)C2)cc2nc(-c3cc4ccc(N(C5CC5)S(C)(=O)=O)nc4n3CC3CC3)n(C)c12,4.94692155651658,enzymatic,False,False,1,none
BVUMJIRBLWLPNT-OAQYLSRUSA-N,CCS(=O)(=O)N(C)c1ccc2cc(-c3nc4cc(C(=O)N5CCC[C@@H](N)C5)cc(OC)c4n3C)n(CC3CC3)c2n1,6.785156151952302,enzymatic,False,False,1,none
XFNHWGBLXODYMR-HXUWFJFHSA-N,COc1cc(C(=O)N2CCC[C@@H](N)C2)cc2nc(-c3cc4ccc(N(C(F)F)S(=O)(=O)C5CC5)nc4n3CC3CC3)n(C)c12,7.032920265855503,enzymatic,False,False,1,none
ACDAFJAJTHFIQA-AUZMWRNASA-N,Cc1cc2c(cc1C(=O)N1C[C@H]3CC[C@@H]1[C@@H]3N)nc(-c1cc3ccc(N(C(F)F)S(C)(=O)=O)nc3n1CC1CC1)n2C1CC1,5.026410376572743,enzymatic,False,False,1,none
CQJUFPGIBDGKLI-OXJNMPFZSA-N,COc1cc(C(=O)N2C[C@H](N)CC[C@@H]2C)cc2nc(-c3cc4ccc(N(C(F)F)S(C)(=O)=O)nc4n3CC3CC3)n(C)c12,7.029653123769907,enzymatic,False,False,1,none
KPMPCLPZOHGVGR-GVCORALISA-N,CS(=O)(=O)N(c1ccc2cc(-c3nc4cc(C(=O)N5C[C@H]6CC[C@@H]5[C@@H]6N)ccc4n3C3CC3)n(CC3CC3)c2n1)C(F)F,7.047691990337874,enzymatic,False,False,1,none
YAHQJIWNFQVWGH-UHFFFAOYSA-N,COc1cc(C(=O)N2CCCC(C)(N)C2)cc2nc(-c3cc4ccc(N(C(F)F)S(C)(=O)=O)nc4n3CC3CC3)n(C)c12,4.896196279044043,enzymatic,False,False,1,none
KVMPLKNGFPPJEW-HWVXXCOISA-N,COc1cc(C(=O)N2C[C@H](N)C[C@@H](F)C2)cn2nc(-c3cc4cccc(C5CN(C(=O)C6CCC(O)CC6)C5)c4n3CC3CC3)c(C)c12,7.309894379144197,enzymatic_confirmed,False,False,1,none
VBPFHLZFZVJNHB-JOCHJYFZSA-N,CN(C)CCOc1cccc2cc(-c3nc4cc5c(cc4n3C)CCN(C[C@H](N)CF)C5=O)n(CC3CC3)c12,6.0,enzymatic_confirmed,False,False,1,none
DCWONHKPZRUFJT-OAQYLSRUSA-N,COc1cc(C(=O)N2CCC[C@@H](N)C2)cc2nc(-c3cc4ccc(NC(C)(C)C)nc4n3CC3CC3)n(C)c12,5.029653123769906,enzymatic,False,False,1,none
VLAXNKASDDXGFU-LJQANCHMSA-N,COC(=O)Nc1ccc2cc(-c3nc4cc(C(=O)N5CCC[C@@H](N)C5)cc(OC)c4n3C)n(CC3CC3)c2n1,5.239577516576788,enzymatic,False,False,1,none
WDRJLORLDTWTEV-QZNHQXDQSA-N,CCOC(=O)N[C@@H]1C[C@@H]2CC[C@H]1N2C(=O)c1cc(OC)c2c(c1)nc(-c1cc3ccc(N(C(F)F)S(C)(=O)=O)nc3n1CC1CC1)n2C,4.301029995663981,enzymatic,False,False,1,none
LIWXHHMEQAPAGZ-QKNQBKEWSA-N,COc1cc(C(=O)N2[C@H]3CC[C@@H]2[C@H](N)C3)cc2nc(-c3cc4ccc(N(C(F)F)S(C)(=O)=O)nc4n3CC3CC3)n(C)c12,7.345823458122039,enzymatic,False,False,1,none
BCHLSCBZCOCRKN-SFTDATJTSA-N,COc1cc(C(=O)N[C@H]2CNC[C@@H]2NC(C)=O)cc2nc(-c3cc4ccc(N(C(F)F)S(C)(=O)=O)nc4n3CC3CC3)n(C)c12,4.404503778174426,enzymatic,False,False,1,none
ZOAONFSVARXNNV-KXLZNQPTSA-N,COc1cc(C(=O)N[C@H]2CNC[C@@H]2NC(=O)/C=C/CN(C)C)cc2nc(-c3cc4ccc(N(C(F)F)S(C)(=O)=O)nc4n3CC3CC3)n(C)c12,6.309803919971486,enzymatic,False,False,1,none
IUZXRGLRAITQQP-RUZDIDTESA-N,Cc1c(-c2cc3ccnc(OCCn4ccnc4C)c3n2CC2CC2)nn2cc(C(=O)N3CCC[C@@H](N)C3)ccc12,5.528708288941061,enzymatic_confirmed,False,False,1,none
CZVROBPEHUHFMR-XMMPIXPASA-N,Cc1c(-c2cc3ccnc(OCCn4ccnc4)c3n2CC2CC2)nn2cc(C(=O)N3CCC[C@@H](N)C3)ccc12,8.0,enzymatic_confirmed,False,False,1,none
BEYKKJIYABIPQW-GNTVVGMTSA-N,Cc1c(-c2cc3ccc(-c4ccc(O)c(F)c4)nc3n2CC2CC2)nn2cc(C(=O)N3CC4CCC3[C@@H]4N)ccc12,7.638272163982407,enzymatic_confirmed,False,False,1,none
CQGWPDDLIRVUCO-JWQCQUIFSA-N,COCC(=O)N1CC(c2cccc3cc(-c4nn5cc(C(=O)N6C[C@H](N)C[C@@H](F)C6)cc(OC)c5c4C)n(CC4CC4)c23)C1,7.301029995663981,enzymatic_confirmed,False,False,1,none
CIIHYWMLMWIWJT-DNQXCXABSA-N,COc1cc(C(=O)N2C[C@H](N)C[C@@H](F)C2)cn2nc(-c3cc4cccc(OCCn5cc(N)cn5)c4n3CC3CC3)c(C)c12,8.0,enzymatic_confirmed,False,False,1,none
IIWCKVZWLWDNIR-DNQXCXABSA-N,Cc1c(-c2cc3cccc(OCCn4cc(N)cn4)c3n2CC2CC2)nn2cc(C(=O)N3C[C@H](N)C[C@@H](F)C3)ccc12,5.79317412396815,enzymatic_confirmed,False,False,1,none
IGZIDTNYUHLUDZ-GWQXNCQPSA-N,COc1cc(C(=O)N2CCC[C@@H](N)C2)cn2nc(-c3cc4ccnc(OCC5CNC(=O)C5)c4n3CC3CC3)c(C)c12,7.261439372640169,enzymatic_confirmed,False,False,1,none
VRWQITKRSFXCGO-HSZRJFAPSA-N,COc1cc(C(=O)N2CCC[C@@H](N)C2)cn2nc(-c3cc4ccnc(OCCn5cnnc5)c4n3CC3CC3)c(C)c12,7.698970004336019,enzymatic_confirmed,False,False,1,none
HMNKHISRBBCLDY-IOAASBHNSA-N,COc1cc(C(=O)N2CC3CCC2[C@@H]3N)cc2oc(-c3cc4ccc(C(C)(C)O)nc4n3CC3CC3)c(C)c12,7.920818753952375,enzymatic_confirmed,False,False,1,none
OFIHEFDHYWXPRX-UOLLPAKTSA-N,COc1cc(-c2ccc3cc(-c4oc5cc(C(=O)N6CC7CCC6[C@@H]7N)ccc5c4C)n(CC4CC4)c3c2)ccn1,7.251811972993799,enzymatic_confirmed,False,False,1,none
PXOOLNADBLBDGP-WMXNZVEGSA-N,COc1cc(-c2ccc3cc(-c4oc5cc(C(=O)N6CC7CCC6[C@@H]7N)ccc5c4C)n(CC4CC4)c3n2)ccn1,5.056851870641437,enzymatic_confirmed,False,False,1,none
GRQYJPFSBYFLKX-WKBCRJLYSA-N,COc1cc(C(=O)N2CC3CCC2[C@@H]3N)cc2oc(-c3cc4ccc(Cl)nc4n3CC3CC3)c(C)c12,5.917214629683549,enzymatic_confirmed,False,False,1,none
PEMSBPMDBFZNNE-LGYSXGNESA-N,Cc1c(-c2cc3ccc(-c4ccc(O)c(F)c4)nc3n2CC2CC2)nn2cc(C(=O)N3CC4CCC3[C@@H]4N)cnc12,4.823908740944319,enzymatic_confirmed,False,False,1,none
IYTYCUFCBRYNSG-JWQCQUIFSA-N,Cc1c(-c2cc3ccc(-c4ccc5[nH]ncc5c4)nc3n2CC2CC2)nn2cc(C(=O)N3C[C@H](N)C[C@@H](F)C3)ccc12,6.853871964321762,enzymatic_confirmed,False,False,1,none
WIELPYALLBTMLM-RDVROTLESA-N,COc1cc(C(=O)N2C[C@H](N)C[C@@H](F)C2)cn2nc(-c3cc4cccc(C5CCN(C(=O)C6CC(O)C6)CC5)c4n3CC3CC3)c(C)c12,7.451544993495972,enzymatic_confirmed,False,False,1,none
CHMUAFHYTBEENP-JWQCQUIFSA-N,Cc1c(-c2cc3ccc(-c4ccc5cn[nH]c5c4)nc3n2CC2CC2)nn2cc(C(=O)N3C[C@H](N)C[C@@H](F)C3)ccc12,4.823908740944319,enzymatic_confirmed,False,False,1,none
XFXVYNYRKQIMDF-YJHZZORQSA-N,Cc1c(-c2cc3cccc(C4CCN(C(=O)C5CC(O)(C(F)(F)F)C5)CC4)c3n2CC2CC2)nn2cc(C(=O)N3C[C@H](N)C[C@@H](F)C3)cc(F)c12,7.096910013008056,enzymatic_confirmed,False,False,1,none
MKJUETQMTPGHGC-KAYWLYCHSA-N,COc1cc(C(=O)N2C[C@H](N)C[C@@H](F)C2)cn2nc(-c3cc4cccc(C5CCN(C(C)=O)CC5)c4n3CC3CC3)c(C)c12,6.958607314841775,enzymatic_confirmed,False,False,1,none
CFDNEUFZAVYAPY-SACAOSOOSA-N,CO[C@H](C)C(=O)N1CCC(c2cccc3cc(-c4nn5cc(C(=O)N6C[C@H](N)C[C@@H](F)C6)cc(F)c5c4C)n(CC4CC4)c23)CC1,7.301029995663981,enzymatic_confirmed,False,False,1,none
DXZLTZZZLYIHJG-AREMUKBSSA-N,COCC(=O)N1CCC(c2cccc3cc(-c4nn5cc(C(=O)N6CCC[C@@H](N)C6)cc(F)c5c4C)n(CC4CC4)c23)CC1,7.3979400086720375,enzymatic_confirmed,False,False,1,none
DQYBRNLGMWOIAD-UHFFFAOYSA-N,COC(=O)N(C)CCOc1cccc2cc(-c3nc4cc5c(cc4n3C)CCN(CC(N)CF)C5=O)n(CC3CC3)c12,8.0,enzymatic,False,False,1,none
KVMPLKNGFPPJEW-RULIXLRNSA-N,COc1cc(C(=O)N2C[C@H](N)C[C@@H](F)C2)cn2nc(-c3cc4cccc(C5CN(C(=O)[C@H]6CC[C@@H](O)CC6)C5)c4n3CC3CC3)c(C)c12,7.3979400086720375,enzymatic,False,False,1,none
KVMPLKNGFPPJEW-JGZPXTCXSA-N,COc1cc(C(=O)N2C[C@H](N)C[C@@H](F)C2)cn2nc(-c3cc4cccc(C5CN(C(=O)[C@H]6CC[C@H](O)CC6)C5)c4n3CC3CC3)c(C)c12,7.221848749616356,enzymatic,False,False,1,none
LFNUUCVWQIPJNI-SUHSUELASA-N,COc1cc(C(=O)N2CCC[C@@H](N)C2)cn2nc(-c3cc4cccc(C5CN(C(=O)[C@H]6CC[C@H](O)CC6)C5)c4n3CC3CC3)c(C)c12,7.221848749616356,enzymatic,False,False,1,none
